top;Nombre;Precio USD;1h%;24h%;7d%;CAP. USD;ACC. CIRCULACION;Symbol;Volumen (24h) USD;Volumen (24h) Tokens;CATEGORY
39;Immutable;1.98;0.3;4.2;-22.55;2839201943.0;1431285079.0;IMX;63714307.0;32009998.0;GAMING
61;Beam;0.02641;0.4;1.52;-15.32;1398307513.0;52951176339.0;BEAM;33173759.0;1253755155.0;GAMING
63;Gala;0.04353;0.5;6.3;-25.74;1326581964.0;30493177498.0;GALA;185636634.0;4255760776.0;GAMING
64;FLOKI;0.0001382;0.28;1.83;-28.15;1321986170.0;9568393313435.0;FLOKI;140095291.0;1014302483719.0;GAMING
74;MultiversX;40.69;0.48;0.89;-21.31;1091647933.0;26833769.0;EGLD;25784729.0;634119.0;GAMING
78;Axie Infinity;7.04;0.57;0.38;-26.12;1008171160.0;143344859.0;AXS;41231471.0;5862941.0;GAMING
80;The Sandbox;0.4386;0.76;0.46;-28.11;987423537.0;2251731926.0;SAND;100430938.0;229197420.0;GAMING
97;Decentraland;0.4341;0.45;0.28;-28.93;828346037.0;1908319865.0;MANA;59747785.0;137744570.0;GAMING
100;ApeCoin;1.25;1.04;3.71;-22.84;756462975.0;604895833.0;APE;60971446.0;48724069.0;GAMING
107;Echelon Prime;18.93;0.02;8.83;-12.71;677201324.0;35773841.0;PRIME;13726385.0;726140.0;GAMING
128;WEMIX;1.48;0.29;2.71;-27.42;525212178.0;356423353.0;WEMIX;4532189.0;3066666.0;GAMING
133;SKALE;0.09422;0.81;1.18;-17.58;502508753.0;5339102671.0;SKL;43337481.0;459961851.0;GAMING
135;SuperVerse;0.9725;0.05;3.28;-9.53;474359814.0;487776093.0;SUPER;12698067.0;13056750.0;GAMING
138;GMT;0.2373;1.28;0.32;-16.79;460134777.0;1938798778.0;GMT;67551234.0;284674513.0;GAMING
141;Enjin Coin;0.3268;1.5;2.25;-26.5;449692723.0;1379841766.0;ENJ;18944680.0;57963874.0;GAMING
181;Illuvium;92.05;1.42;5.28;-26.11;347400936.0;3767377.0;ILV;14065571.0;152801.0;GAMING
191;Pixels;0.4077;1.79;2.85;-38.59;314160513.0;771041667.0;PIXEL;51870822.0;127064163.0;GAMING
194;Saga;3.43;2.68;-2.59;-34.07;308280907.0;90000000.0;SAGA;136816141.0;39700027.0;GAMING
196;Yield Guild Games;0.8296;2.15;-0.37;-33.87;299903041.0;361785359.0;YGG;58943478.0;71181765.0;GAMING
240;Chromia;0.3039;0.78;-0.09;-22.13;246935019.0;812434439.0;CHR;8990226.0;29612029.0;GAMING
245;Kadena;0.8823;-0.28;0.66;-27.12;238830909.0;270878235.0;KDA;8139476.0;9188623.0;GAMING
252;Wilder World;0.8379;-3.88;4.84;-25.03;221171891.0;263967913.0;WILD;1742521.0;2031883.0;GAMING
253;WAX;0.06535;0.59;0.26;-23.95;224473583.0;3434558112.0;WAXP;9569358.0;146655128.0;GAMING
268;Treasure;0.7864;0.88;2.82;-27.9;207816157.0;264193342.0;MAGIC;35253581.0;44896875.0;GAMING
290;Xai;0.6809;1.02;-1.69;-32.73;188683316.0;277118150.0;XAI;20454716.0;30169394.0;GAMING
293;GuildFi;0.3136;-0.7;-3.04;-25.08;184518316.0;587870634.0;GF;3456403.0;10982442.0;GAMING
297;Seedify.fund;2.95;-1.45;2.3;-23.06;177392435.0;60127373.0;SFUND;6425093.0;2149067.0;GAMING
298;Guild of Guardians;0.3162;0.07;6.38;74.89;180314003.0;569604001.0;GOG;5376454.0;17135854.0;GAMING
311;Portal;0.9777;0.41;0.86;-32.02;166064812.0;169860695.0;PORTAL;20587340.0;21074479.0;GAMING
316;BORA;0.1622;0.35;-0.66;-21.32;161549751.0;993750000.0;BORA;4645890.0;28600575.0;GAMING
333;Big Time;0.1827;0.71;-0.35;-39.69;149188592.0;816878362.0;BIGTIME;15360408.0;84027827.0;GAMING
346;Vulcan Forged (PYR);4.86;-0.08;0.75;-21.58;136622024.0;28100000.0;PYR;7243525.0;1485738.0;GAMING
349;Oasys;0.06523;0.33;2.01;-18.02;135721204.0;2080304978.0;OAS;1257419.0;19337721.0;GAMING
351;Gomining;0.336;-0.03;-0.74;0.13;134935812.0;401643157.0;GMT;5266371.0;15706610.0;GAMING
363;Hooked Protocol;0.9289;0.91;0.49;-26.71;129374539.0;139254295.0;HOOK;9703304.0;10455321.0;GAMING
365;Nakamoto Games;1.41;1.05;-0.42;-20.65;127816206.0;90463652.0;NAKA;11782661.0;8349273.0;GAMING
377;Fusionist;5.44;0.21;-5.83;-35.51;119580095.0;21969520.0;ACE;22138469.0;4058654.0;GAMING
379;Myria;0.006856;1.42;2.11;-15.54;119478446.0;17429230818.0;MYRIA;2743366.0;401291959.0;GAMING
383;Hashflow;0.3059;0.87;0.27;-24.05;118176036.0;386489713.0;HFT;15713208.0;51388873.0;GAMING
401;Victoria VR;0.02113;1.06;4.64;-26.35;112742621.0;5336247368.0;VR;1513608.0;72013119.0;GAMING
414;Aavegotchi;1.99;-0.39;-2.69;-17.21;105174202.0;52747801.0;GHST;32079283.0;16075795.0;GAMING
421;CUDOS;0.01756;-0.84;3.23;-18.63;102571898.0;5843157717.0;CUDOS;930608.0;52942749.0;GAMING
425;GamerCoin;0.1525;-0.11;2.87;-13.73;99130975.0;649965123.0;GHX;2063920.0;13267926.0;GAMING
438;MOBOX;0.3052;0.71;1.72;-26.43;95244595.0;312054490.0;MBOX;14184874.0;46494922.0;GAMING
447;Ethernity;4.45;0.86;-0.23;-29.46;91428432.0;20577762.0;ERN;3330640.0;750336.0;GAMING
452;MARBLEX;0.7669;0.62;-1.82;-28.82;90486088.0;117988535.0;MBX;2451810.0;3206493.0;GAMING
455;Heroes of Mavia;2.94;0.28;0.03;-39.97;88194062.0;30000396.0;MAVIA;33360891.0;11319729.0;GAMING
457;RACA;0.0002487;0.52;2.68;-22.37;88033648.0;354045821849.0;RACA;8040738.0;32407588676.0;GAMING
458;XPLA;0.1635;0.7;-1.79;-24.16;87513192.0;535382124.0;XPLA;447675.0;2731842.0;GAMING
466;GameFi.org;7.76;0.05;3.45;-16.54;84884297.0;10945063.0;GAFI;642138.0;82654.0;GAMING
467;Mines of Dalarnia;0.1521;0.67;-0.18;-32.8;84772496.0;557257797.0;DAR;25899161.0;170412397.0;GAMING
472;MyNeighborAlice;1.24;0.45;2.54;-30.42;83900190.0;67913333.0;ALICE;9403769.0;7609438.0;GAMING
482;SIDUS;0.008567;-0.38;3.58;-16.55;80159143.0;9356868845.0;SIDUS;1201775.0;139279973.0;GAMING
488;Star Atlas;0.004994;0.61;1.99;-30.54;78519253.0;15711472661.0;ATLAS;2145160.0;431279199.0;GAMING
495;Star Atlas DAO;0.2976;-0.16;3.06;-21.43;74061843.0;248789502.0;POLIS;640679.0;2147308.0;GAMING
511;BakeryToken;0.2404;0.21;1.23;-33.35;69647503.0;289770512.0;BAKE;18343498.0;76228808.0;GAMING
527;Alien Worlds;0.01584;-0.27;1.31;-31.46;65189892.0;4115351376.0;TLM;8066882.0;509586770.0;GAMING
541;Ultra;0.1701;-0.11;-0.35;-24.33;62754863.0;369087328.0;UOS;1161924.0;6831696.0;GAMING
547;Gods Unchained;0.2145;0.32;-1.52;-25.68;61164486.0;285416667.0;GODS;1035281.0;4821586.0;GAMING
551;Sweat Economy;0.008988;0.81;1.72;-22.38;60450989.0;6743185867.0;SWEAT;8109864.0;907506844.0;GAMING
554;FUNToken;0.005486;0.46;2.28;-22.66;60040641.0;10962808529.0;FUN;1537106.0;280701964.0;GAMING
557;Astrafer;0.378;0.0;0.55;2.73;59126713.0;156417090.0;ASTRAFER;205.0;542.0;GAMING
564;Verasity;0.005834;0.65;4.41;-18.69;58250927.0;10001381139.0;VRA;9378200.0;1606595603.0;GAMING
571;Gaimin;0.008691;0.75;2.45;-22.57;57661262.0;6634129332.0;GMRX;1414311.0;163358709.0;GAMING
575;The Root Network;0.0546;1.22;3.2;-17.68;56758313.0;1038925778.0;ROOT;7505106.0;137627683.0;GAMING
578;Games for a Living;0.0269;0.91;12.73;-19.76;55392638.0;2059277848.0;GFAL;1380435.0;51463399.0;GAMING
590;Cornucopias;0.06238;0.11;2.09;-20.48;52938489.0;848670162.0;COPI;530267.0;8497583.0;GAMING
622;COMBO;0.6675;0.75;1.29;-30.85;47370458.0;71051748.0;COMBO;3464914.0;5202372.0;GAMING
630;Reef;0.002028;0.34;2.36;-34.76;46277352.0;22821409581.0;REEF;16042491.0;7905242952.0;GAMING
633;PlayDapp;0.08113;0.68;0.44;-36.59;46064407.0;569084159.0;PDA;11231059.0;138973011.0;GAMING
645;League of Kingdoms Arena;0.2619;0.83;2.81;-25.36;43537352.0;166376242.0;LOKA;3953045.0;15114758.0;GAMING
646;Shrapnel;0.1798;0.47;-4.13;-23.86;43314969.0;240900741.0;SHRAP;2765371.0;15389427.0;GAMING
647;PLANET;5.11e-05;1.4;2.75;-19.11;43504166.0;851450035658.0;PLANET;3320179.0;65549859066.0;GAMING
649;DEAPcoin;0.001862;0.3;-0.81;-22.43;42775996.0;22998521512.0;DEP;1703750.0;915915806.0;GAMING
653;Voxies;0.2399;0.03;3.12;-25.16;41711860.0;174140671.0;VOXEL;5053456.0;21000742.0;GAMING
656;Cere Network;0.005982;-0.24;-0.16;-13.8;41502315.0;6939923952.0;CERE;866829.0;144708427.0;GAMING
678;ZTX;0.01342;0.3;0.62;-27.16;38585002.0;2875384166.0;ZTX;1297213.0;96931125.0;GAMING
690;Aurory;0.6573;-0.81;2.03;-12.46;36146825.0;54988643.0;AURY;307161.0;466147.0;GAMING
695;Farcana;0.1079;-0.0;2.23;-16.1;35926763.0;333141025.0;FAR;48019594.0;447175951.0;GAMING
703;Biswap;0.081;0.44;2.29;-29.16;34787232.0;429951293.0;BSW;3211689.0;39722528.0;GAMING
709;Altura;0.04662;-0.13;-0.01;-20.52;33561938.0;719755021.0;ALU;9383972.0;201031889.0;GAMING
738;NFT Worlds;0.04204;-1.4;-9.72;-38.94;29933203.0;712090665.0;WRLD;37695.0;885867.0;GAMING
740;Katana Inu;0.001385;-0.09;3.37;-19.44;29819982.0;21526767077.0;KATA;689723.0;494963542.0;GAMING
744;QORPO WORLD;0.6739;0.21;4.45;-5.69;29721231.0;44104454.0;QORPO;1587977.0;2359793.0;GAMING
763;BADMAD ROBOTS;0.04005;2.69;11.7;-25.25;28828546.0;719299800.0;METAL;348271.0;8835147.0;GAMING
764;Creo Engine;0.09725;0.2;1.47;-15.87;28235249.0;290296616.0;CREO;1941423.0;20015575.0;GAMING
767;VIDT DAO;0.03572;0.21;4.93;-24.93;27498531.0;770011370.0;VIDT;1994645.0;55810962.0;GAMING
772;HELLO Labs;0.04281;0.21;-0.09;-24.68;26991880.0;630523787.0;HELLO;1538646.0;36012800.0;GAMING
778;DeRace;0.2189;-0.04;0.66;-24.84;26252160.0;120000000.0;DERC;567832.0;2584023.0;GAMING
787;BurgerCities;0.4815;0.34;-1.98;-38.31;25658895.0;53350193.0;BURGER;5184180.0;10779236.0;GAMING
811;GameGPT;0.01661;1.75;4.25;-18.13;24159051.0;1454408582.0;DUEL;18674150.0;1137060184.0;GAMING
821;WAGMI Games;1.284e-05;0.39;-3.01;-25.92;23163729.0;1804354666195.0;WAGMIGAMES;5503060.0;431058102738.0;GAMING
840;GameSwift;0.3493;0.33;-5.37;-26.15;21872353.0;62621513.0;GSWIFT;368437.0;1054078.0;GAMING
901;Step App;0.006904;0.78;0.87;-33.83;17467118.0;2530000000.0;FITFI;5284866.0;765250308.0;GAMING
909;Dvision Network;0.02314;-0.42;-0.61;-36.09;16967773.0;733196290.0;DVI;555594.0;23860372.0;GAMING
915;Splintershards;0.01388;0.46;-0.44;-18.87;16697118.0;1201053373.0;SPS;99309.0;7152531.0;GAMING
917;DeFi Kingdoms;0.1462;0.41;1.35;-24.61;16669599.0;114005283.0;JEWEL;118414.0;809845.0;GAMING
933;EPIK Prime;0.01509;-2.4;9.19;-0.91;15970467.0;1053009615.0;EPIK;626232.0;41490888.0;GAMING
935;Octokn;0.06007;-0.44;6.74;-21.83;15816549.0;263573379.0;OTK;273079.0;4546020.0;GAMING
938;Phantasma;0.1266;0.02;1.21;-10.86;15724877.0;124129198.0;SOUL;117415.0;927089.0;GAMING
939;Saito;0.007946;-0.45;0.58;-6.6;15730650.0;1979292275.0;SAITO;203029.0;25550060.0;GAMING
941;Metacade;0.01168;-0.12;-1.89;-12.93;15549884.0;1330753754.0;MCADE;496004.0;42456977.0;GAMING
958;REVV;0.01233;-0.57;4.9;-17.61;14697777.0;1190694705.0;REVV;1411230.0;114466824.0;GAMING
961;GameZone;0.01736;-2.13;1.88;-20.83;14581198.0;840117285.0;GZONE;25517.0;1470023.0;GAMING
962;Affyn;0.0572;0.32;0.05;-19.84;14516307.0;254033788.0;FYN;797540.0;13942996.0;GAMING
963;Adshares;0.3742;-0.1;0.1;-12.43;14500246.0;38749753.0;ADS;4021.0;10744.0;GAMING
980;Medieval Empires;0.02488;0.31;15.92;2.63;13861128.0;559411443.0;MEE;761945.0;30619377.0;GAMING
993;Genopets;0.2983;-0.86;6.48;-2.92;13467728.0;44483993.0;GENE;54528.0;182807.0;GAMING
1021;BRN Metaverse;0.5127;-6.24;1.01;-22.76;11955502.0;23431906.0;BRN;907452.0;1770008.0;GAMING
1022;TOWER;0.009358;-0.57;0.33;-22.91;12007331.0;1283173142.0;TOWER;216918.0;23180615.0;GAMING
1037;PLAYA3ULL GAMES;0.002411;0.56;-0.63;-30.21;11431711.0;4723235871.0;3ULL;755228.0;313282604.0;GAMING
1051;GAMEE;0.01665;0.53;4.6;-7.28;10846153.0;651469589.0;GMEE;625559.0;37565336.0;GAMING
1055;DeFi Land;0.001486;-0.28;-1.18;-11.18;10603326.0;7137303616.0;DFL;14186.0;9549692.0;GAMING
1057;SENATE;0.09599;-0.2;0.49;-21.18;10543323.0;109822392.0;SENATE;79774.0;831050.0;GAMING
1068;Decimated;0.02521;0.44;-6.69;-26.07;10210812.0;404783310.0;DIO;269802.0;10701786.0;GAMING
1083;Matr1x Fire;1.08;0.87;-3.17;-0.65;9687052.0;8948412.0;FIRE;12219912.0;11301892.0;GAMING
1087;Decentral Games;0.02152;0.0;3.26;-16.1;9519805.0;442416060.0;DG;143.0;6635.0;GAMING
1095;PlayZap;0.2379;-1.41;2.43;-16.6;9283835.0;38937311.0;PZP;850016.0;3572274.0;GAMING
1096;Hoge Finance;2.347e-05;-0.09;0.5;-13.97;9239570.0;393869402757.0;HOGE;24459.0;1041984521.0;GAMING
1123;Gameswap;0.7163;1.72;4.97;-33.97;8523916.0;11899665.0;GSWAP;28519.0;39813.0;GAMING
1130;MagicCraft;0.001911;0.1;1.87;-11.83;8350640.0;4364257893.0;MCRT;403757.0;211268489.0;GAMING
1131;Pomerium;0.1101;-0.23;-3.19;-11.79;8316285.0;75501657.0;PMG;772509.0;7014973.0;GAMING
1139;Orbofi AI;0.01965;-0.94;5.18;-5.07;8125299.0;414000000.0;OBI;331158.0;16854710.0;GAMING
1152;Thetan World;0.06915;0.1;3.78;-20.1;7845369.0;113584954.0;THG;860575.0;12445666.0;GAMING
1163;Ben the Dog;0.007705;1.31;20.4;-5.46;7674233.0;999780947.0;BENDOG;1655980.0;214925479.0;GAMING
1171;Veloce;0.06923;1.82;3.87;-25.38;7518971.0;108466194.0;VEXT;601946.0;8695441.0;GAMING
1176;BreederDAO;0.05363;0.22;2.12;-11.81;7429160.0;138607003.0;BREED;599456.0;11177042.0;GAMING
1190;Reboot;0.04316;-5.57;32.37;-20.26;7019976.0;162237935.0;GG;720938.0;16704726.0;GAMING
1199;Netvrk;0.1365;1.54;1.81;-20.54;6907876.0;50557986.0;NETVR;53958.0;395265.0;GAMING
1202;Wall Street Games;0.02497;-1.42;-0.93;-28.93;6958756.0;275384341.0;WSG;72498.0;2902878.0;GAMING
1204;Dypius [New];0.07732;-0.49;-5.78;1.47;6781636.0;88744341.0;DYP;646286.0;8358796.0;GAMING
1212;Bag;0.002849;0.59;10.06;-13.65;6584686.0;2311127109.0;BAG;168138.0;59026930.0;GAMING
1214;Rainbow Token;0.03315;-0.04;0.19;-32.33;6515833.0;196625256.0;RBW;382748.0;11544881.0;GAMING
1215;DeHub;0.001599;0.0;1.54;-2.04;6515561.0;4075792623.0;DHB;466.0;291755.0;GAMING
1228;Blink Galaxy;0.001061;0.01;4.84;-16.05;6293915.0;5933475330.0;GQ;2444299.0;2304212749.0;GAMING
1234;Captain Tsubasa;0.03375;0.02;-0.52;-1.21;6038136.0;178880147.0;TSUGT;90352.0;2676887.0;GAMING
1236;Aether Games;0.07502;0.06;-6.45;-26.67;6024946.0;80327000.0;AEG;147998.0;1972861.0;GAMING
1250;UNKJD;0.01871;-3.29;5.77;-11.84;5686926.0;303966298.0;MBS;124569.0;6659077.0;GAMING
1276;Wownero;0.07892;6.04;-4.76;-16.74;5228333.0;66139439.0;WOW;30611.0;387878.0;GAMING
1287;Dark Frontiers;0.02905;-0.01;1.7;-13.98;5029060.0;173109555.0;DARK;124251.0;4276905.0;GAMING
1288;Gamestarter;0.1647;-0.05;1.79;-18.44;5007623.0;30420970.0;GAME;201372.0;1222657.0;GAMING
1294;Cryowar;0.01896;-0.7;-1.33;-22.37;4929584.0;260000000.0;CWAR;70069.0;3695328.0;GAMING
1295;DOSE;0.005765;0.54;-2.13;-24.9;4925056.0;853702151.0;DOSE;5190146.0;900276838.0;GAMING
1296;BabySwap;0.008012;-0.08;2.54;-16.87;4906140.0;614068400.0;BABY;190482.0;23775400.0;GAMING
1302;X World Games;0.001434;-0.43;0.69;-26.11;4857113.0;3377564103.0;XWG;141184.0;98484475.0;GAMING
1320;Rebel Bots;0.03622;0.24;-1.77;-6.41;4467259.0;123295295.0;RBLS;59907.0;1653857.0;GAMING
1326;MARS4;0.001728;0.12;-6.7;-11.41;4313587.0;2483082772.0;MARS4;288653.0;167027985.0;GAMING
1329;Sinverse;0.006624;0.31;-8.31;-22.55;4243705.0;639944169.0;SIN;1109598.0;167505188.0;GAMING
1337;Dotmoovs;0.005463;3.24;-0.67;-30.59;3958205.0;731180094.0;MOOV;923662.0;169083745.0;GAMING
1341;DOGAM√ç;0.01151;-0.02;-1.76;-23.89;3966839.0;344541404.0;DOGA;41509.0;3605717.0;GAMING
1353;Exeedme;0.04207;0.23;2.03;-13.02;3846550.0;91430976.0;XED;70772.0;1682339.0;GAMING
1356;Xaya;0.06995;-0.35;2.4;-10.65;3830526.0;54745777.0;CHI;7900.0;112937.0;GAMING
1371;Crypton;0.3638;0.05;0.03;9.78;3553124.0;9768314.0;CRP;582055.0;1600068.0;GAMING
1401;Battle World;0.004703;0.03;-3.9;-43.19;3231716.0;690058960.0;BWO;237333.0;50461805.0;GAMING
1404;Unix Gaming;0.008266;0.33;0.99;-34.89;3180254.0;384723122.0;UNIX;15834.0;1915463.0;GAMING
1410;Revomon;0.09454;0.27;6.59;-21.32;3115398.0;32951612.0;REVO;87569.0;926215.0;GAMING
1448;Fabwelt;0.01168;-0.49;-2.49;-18.02;2676056.0;228991733.0;WELT;285875.0;24470370.0;GAMING
1451;ChainGuardians;0.04338;0.05;2.17;-10.15;2668113.0;61478209.0;CGG;26518.0;611284.0;GAMING
1455;VisionGame;0.00481;0.21;2.93;-12.1;2645577.0;550000000.0;VISION;433730.0;90144702.0;GAMING
1458;SHILL Token;0.007247;0.06;2.03;-20.48;2587885.0;357073944.0;SHILL;716166.0;98820535.0;GAMING
1459;Heroes Chained;0.0525;0.66;-0.38;-36.0;2580673.0;49153913.0;HEC;216957.0;4132362.0;GAMING
1460;Niftyx Protocol;0.05022;-3.32;-1.24;-32.85;2580402.0;51386058.0;SHROOM;5881.0;117115.0;GAMING
1465;NFTb;0.01014;-1.91;0.69;-29.79;2530140.0;249435031.0;NFTB;580781.0;57261613.0;GAMING
1470;Castle of Blackwater;0.3322;-0.66;0.15;-25.31;2478524.0;7475175.0;COBE;21083.0;63468.0;GAMING
1477;Vidya;0.06431;0.29;1.79;-12.03;2468612.0;38248269.0;VIDYA;308017.0;4789225.0;GAMING
1493;RealFevr;0.0002137;0.01;2.12;-22.09;2303479.0;10779065385.0;FEVR;342984.0;1604946865.0;GAMING
1498;My DeFi Pet;0.05465;-0.17;1.43;-12.39;2277013.0;41657911.0;DPET;58313.0;1067054.0;GAMING
1505;Monsta Infinite;0.01533;-0.86;1.27;-23.22;2202455.0;142965613.0;MONI;523047.0;34116339.0;GAMING
1515;Dreams Quest;0.001365;-0.11;-2.74;-24.87;2134826.0;1564101228.0;DREAMS;120579.0;88321487.0;GAMING
1517;FEAR;0.1183;-0.06;-2.19;-33.92;2117613.0;17909950.0;FEAR;998546.0;8438856.0;GAMING
1527;Seascape Crowns;0.4242;0.69;1.61;-22.93;2056347.0;4852052.0;CWS;397245.0;936366.0;GAMING
1533;XCarnival;0.002557;-1.37;-6.56;-29.38;2022936.0;790640622.0;XCV;222938.0;87148490.0;GAMING
1535;Kryptomon;0.01042;-0.2;0.34;-28.32;1982169.0;189843488.0;KMON;178362.0;17112815.0;GAMING
1537;ZooKeeper;0.004249;0.0;7.62;-25.53;1974433.0;464638994.0;ZOO;1286.0;302612.0;GAMING
1564;IQ Protocol;0.1621;-0.28;2.77;-10.99;1793325.0;11061937.0;IQT;487396.0;3005119.0;GAMING
1599;Monsterra (MSTR);0.1246;-0.6;3.51;-8.69;1613636.0;12949722.0;MSTR;168186.0;1352956.0;GAMING
1615;Polychain Monsters;0.4264;-1.02;-1.29;-28.05;1453900.0;3410185.0;PMON;31748.0;74476.0;GAMING
1620;OneRare;0.02821;0.01;-0.2;-8.71;1426054.0;50553711.0;ORARE;116325.0;4123926.0;GAMING
1621;Blockchain Monster Hunt;0.005981;-0.01;0.66;-11.48;1421136.0;237574369.0;BCMC;16355.0;2734621.0;GAMING
1622;Revolve Games;0.01841;0.0;-0.26;8.07;1419774.0;77123569.0;RPG;2802.0;152186.0;GAMING
1648;Eldarune;0.01192;-0.33;-4.85;-38.15;1309232.0;109840284.0;ELDA;586751.0;49247976.0;GAMING
1664;The Unfettered Ecosystem;0.004462;-2.55;-0.16;-21.25;1230786.0;275833817.0;SOULS;97712.0;21859410.0;GAMING
1666;Hypr Network;0.01652;1.67;-4.42;-15.09;1186819.0;71819593.0;HYPR;2399.0;145156.0;GAMING
1688;MetaFighter;0.001805;0.24;2.92;4.12;1109733.0;614033258.0;MF;112220.0;62163222.0;GAMING
1691;SafeMoon Inu;1.09e-06;0.0;2.76;-12.8;1089650.0;1000000000000.0;SMI;231.0;212385679.0;GAMING
1754;Nemesis Downfall;0.0001216;0.56;-25.44;-43.14;840387.0;6912194283.0;ND;181503.0;1493029846.0;GAMING
1758;GameCredits;0.004296;2.4;42.61;-55.35;832717.0;193823106.0;GAME;171626.0;39764309.0;GAMING
1762;Elemon;0.001269;0.0;6.72;-28.42;818577.0;644908310.0;ELMON;691.0;544123.0;GAMING
1766;Artisse;0.0008337;0.99;0.1;-21.18;807893.0;968534281.0;CATHEON;23314.0;27965344.0;GAMING
1771;Token IN;0.08835;-1.56;13.74;-4.02;788009.0;8923801.0;TIN;756356.0;8561379.0;GAMING
1784;Meme Alliance;0.01315;0.56;11.39;-10.03;746078.0;56750614.0;MMA;53076.0;4043936.0;GAMING
1788;Carbon;0.0209;0.03;3.1;-13.49;735479.0;35188718.0;CARBON;4949.0;236748.0;GAMING
1789;Forest Knight;0.03785;-2.02;-7.91;-30.19;725394.0;19167672.0;KNIGHT;25222.0;666410.0;GAMING
1804;Mars Token;0.001889;-3.2;-14.54;-38.91;679086.0;357176725.0;MRST;118233.0;62575918.0;GAMING
1822;Playermon;0.001467;13.16;15.49;-23.96;625191.0;427072302.0;PYM;22070.0;15047128.0;GAMING
1845;STARSHIP;0.0305;-0.46;1.07;-14.42;576669.0;18908258.0;STARSHIP;321.0;10511.0;GAMING
1849;Dawn Protocol;0.007593;-0.15;3.66;7.66;565415.0;74464266.0;DAWN;7.0;909.0;GAMING
1850;CryptoBlades;0.6137;0.5;5.52;-9.35;567497.0;924746.0;SKILL;357029.0;583998.0;GAMING
1851;Wizardia;0.004406;-9.12;-0.84;-14.84;556197.0;126906692.0;WZRD;65970.0;14973896.0;GAMING
1856;Binamon;0.004689;0.25;2.92;-11.48;540080.0;115453949.0;BMON;22626.0;4824924.0;GAMING
1857;FaraLand;0.0236;-0.11;1.24;-15.77;544227.0;22928676.0;FARA;26391.0;1118060.0;GAMING
1896;Chain of Legends;0.003817;0.33;5.1;-3.35;469642.0;123033781.0;CLEG;9445.0;2474439.0;GAMING
1902;Mist;0.008188;-0.03;10.63;-13.2;460976.0;56357088.0;MIST;106495.0;13005794.0;GAMING
1904;Refereum;9.042e-05;-0.17;-3.82;-18.31;452435.0;4999180100.0;RFR;19194.0;212262267.0;GAMING
1927;Kaby Arena;0.0004412;-0.07;-0.31;-6.92;390882.0;886247873.0;KABY;13684.0;31018164.0;GAMING
1949;Binemon;0.0008544;0.22;-4.58;-15.06;356184.0;416778746.0;BIN;113783.0;133168304.0;GAMING
1973;Ninneko;0.004701;-0.32;4.82;-5.06;305088.0;64904273.0;NINO;4818.0;1025041.0;GAMING
1983;The HUSL;0.02831;0.0;-2.65;-32.69;293866.0;10379879.0;HUSL;14750.0;520992.0;GAMING
1987;My Master War;0.004345;0.13;-0.79;-20.13;290985.0;67108529.0;MAT;4426.0;1018738.0;GAMING
2008;Crabada;0.0007305;0.0;-1.06;-33.65;260048.0;355983565.0;CRA;11.0;14503.0;GAMING
2014;CryptoTycoon;0.3294;0.08;-1.98;-40.1;254398.0;769283.0;CTT;14919.0;45286.0;GAMING
2021;ROCKI;0.03029;-3.74;8.78;-6.35;244256.0;8057237.0;ROCKI;51233.0;1691248.0;GAMING
2029;Refinable;0.005789;0.15;6.24;-8.85;237724.0;41059833.0;FINE;145564.0;25145138.0;GAMING
2047;PolkaWar;0.002602;-0.16;-1.66;-4.41;216705.0;82822168.0;PWAR;24917.0;9577018.0;GAMING
2050;RaceFi;0.004628;0.31;1.4;-3.15;213759.0;46185335.0;RACEFI;516.0;111529.0;GAMING
2056;HEROcoin;0.001188;0.56;0.67;-3.32;209098.0;177023648.0;PLAY;3006.0;2529907.0;GAMING
2057;ASPO World;0.00263;0.0;1.22;-18.18;210254.0;79936866.0;ASPO;703.0;267247.0;GAMING
2066;Defina Finance;0.003006;0.15;-8.43;-9.22;205199.0;67819855.0;FINA;30644.0;10193465.0;GAMING
2070;MetaShooter;0.006178;0.03;-1.36;-13.04;199298.0;32260173.0;MHUNT;74273.0;12021160.0;GAMING
2104;CryptoTanks;0.003524;1.13;-24.07;-38.98;167944.0;48610000.0;TANK;8171.0;2318314.0;GAMING
2105;DinoX;0.004992;0.13;-0.96;2.69;169705.0;34011080.0;DNXC;154775.0;31005775.0;GAMING
2134;Mochi Market;0.003726;0.03;14.59;-0.47;146475.0;39311982.0;MOMA;562.0;150911.0;GAMING
2143;Cryptopolis;0.001594;-0.94;-5.62;-17.99;141688.0;88913639.0;CPO;25466.0;15980757.0;GAMING
2153;RUSH COIN;8.104e-05;0.01;3.07;-38.99;128391.0;1584249827.0;RUSH;123.0;1521805.0;GAMING
2161;Zuki Moba;0.003324;-0.0;4.97;-1.42;122376.0;36819022.0;ZUKI;17834.0;5365670.0;GAMING
2163;COGI;0.00198;0.0;2.95;-9.23;121939.0;61587047.0;COGI;149.0;75023.0;GAMING
2187;Gunstar Metaverse;0.0034;-1.27;0.6;-14.75;106426.0;31290286.0;GSTS;4297.0;1263656.0;GAMING
2189;The Crypto Prophecies;0.0009038;-0.98;-47.15;-12.47;105326.0;116782511.0;TCP;26743.0;29590093.0;GAMING
2204;Elpis Battle;0.004218;-0.0;1.56;-5.35;93517.0;22172718.0;EBA;1452.0;344194.0;GAMING
2240;AirNFTs;0.000613;0.07;1.91;-9.07;68678.0;112040000.0;AIRT;3542.0;5779094.0;GAMING
2247;Rune;4.82;1.5;-1.04;-33.26;65033.0;13517.0;RUNE;570051.0;118229.0;GAMING
2260;SolChicks Token;8.755e-05;0.0;-0.62;-5.46;55953.0;639106688.0;CHICKS;117.0;1339111.0;GAMING
2264;TheForce Trade;0.0006453;0.0;1.58;-8.1;51751.0;80200000.0;FOC;155.0;239765.0;GAMING
2271;MMOCoin;0.0007004;0.02;7.21;4.52;47998.0;68531894.0;MMO;0.0;0.9345;GAMING
2285;Bitspawn;8.447e-05;20.2;12.05;-37.2;43427.0;514118905.0;SPWN;580.0;6861993.0;GAMING
2306;BEMIL Coin;3.19e-05;0.0;2.03;11.04;31896.0;999981241.0;BEM;656.0;20578478.0;GAMING
2314;Step Hero;0.002235;0.13;1.11;-13.45;28930.0;12951109.0;HERO;26517.0;11862928.0;GAMING
2328;BetU;0.0002105;-1.05;8.07;-22.98;22653.0;107608038.0;BETU;36.0;172436.0;GAMING
2346;Era Token (Era7);0.0003723;0.86;-39.37;-46.41;17136.0;46021643.0;ERA;1299.0;3488092.0;GAMING
2353;Warena;0.002121;0.05;-4.89;-26.37;14550.0;6862242.0;RENA;14632.0;6899197.0;GAMING
2369;Genesis Worlds;6.673e-05;-71.95;-39.66;-95.22;10638.0;159435060.0;GENESIS;64.0;964966.0;GAMING
2376;Crypto Sports Network;0.003362;0.01;0.07;-33.06;9203.0;2737526.0;CSPN;416.0;123729.0;GAMING
2407;FOTA - Fight Of The Ages;0.0003502;-4.2;-4.44;-29.96;2293.0;6550298.0;FOTA;13791.0;39384800.0;GAMING
2478;Bitcoin Cats;0.005844;0.3;-0.23;-27.36;29220347.0;5000000000.0;1CAT;10635950.0;1819956158.0;GAMING
2484;Elumia Crowns;0.009182;0.73;10.74;-26.39;5517538.0;600932562.0;ELU;9236307.0;1005955554.0;GAMING
2490;BlockGames;0.1753;-0.73;-5.74;-38.33;21926753.0;125000000.0;BLOCK;8335516.0;47519094.0;GAMING
2496;Apeiron;0.5841;0.38;1.46;-13.83;59857216.0;103000000.0;APRS;7574445.0;13033814.0;GAMING
2498;Altered State Token;0.03693;0.92;-2.38;-9.26;19316342.0;523082169.0;ASTO;7092652.0;192067427.0;GAMING
2531;Planet Mojo;0.2357;2.39;11.89;30.57;7081365.0;30000000.0;MOJO;5092696.0;21575062.0;GAMING
2546;GAM3S.GG;0.2069;-1.0;-1.45;36.57;12877813.0;62233500.0;G3;3923584.0;18961166.0;GAMING
2571;King of Legends;0.05209;0.24;-3.61;-9.84;13861326.0;265836704.0;KOL;3021980.0;57956450.0;GAMING
2573;xPET tech;0.2592;0.01;1.06;-27.53;4314976.0;16650221.0;XPET;2996666.0;11563251.0;GAMING
2669;Gamer Arena;0.09279;0.51;-1.62;-24.35;23309755.0;251197917.0;GAU;1537020.0;16563716.0;GAMING
2747;Sizlux;1.03;0.0;0.03;0.05;849854.0;822528.0;SIZ;1068591.0;1034232.0;GAMING
2749;Catboy;0.08049;0.56;1.13;-17.17;8040518.0;100000000.0;CATBOY;1051303.0;13075068.0;GAMING
2837;Devomon;0.004706;-0.72;-3.99;-18.76;386628.0;82149000.0;EVO;741666.0;157585971.0;GAMING
2868;StarHeroes;0.4367;1.4;2.52;-27.24;18664457.0;42742652.0;STAR;666371.0;1526027.0;GAMING
2883;DegenDuckRace;0.0003578;1.52;-20.68;36.55;31537.0;88135000.0;$QUACK;621229.0;1736104842.0;GAMING
2898;DarkShield Games Studio;0.0002542;0.97;12.64;-5.78;272840.0;1073204810.0;DKS;590948.0;2324466068.0;GAMING
2918;Trex20;0.0523;1.36;-7.86;-43.95;1112909.0;21279575.0;TX20;545511.0;10430536.0;GAMING
2965;GrapeCoin;0.01231;-0.64;-12.51;-36.25;2461733.0;200000000.0;GRAPE;482004.0;39159766.0;GAMING
2972;EthXY;0.8484;0.89;-7.03;-29.51;11712142.0;13824159.0;SEXY;470297.0;555104.0;GAMING
2976;Devve;0.5008;3.36;5.15;-19.5;9376066.0;18721364.0;DEVVE;469116.0;936693.0;GAMING
3006;BitBrawl;0.001275;-2.6;-7.38;-62.4;1234587.0;969550000.0;BRAWL;430765.0;338290123.0;GAMING
3034;Puff The Dragon;0.1808;0.32;-9.5;-30.53;77924899.0;431111111.0;PUFF;394679.0;2183521.0;GAMING
3058;Karate Combat;0.00253;-0.01;5.54;-21.46;12017170.0;4750000000.0;KARATE;375686.0;148496373.0;GAMING
3063;Taki Games;0.01879;-0.03;0.91;-20.83;21995237.0;1170868697.0;TAKI;372688.0;19839219.0;GAMING
3104;HYTOPIA;0.0451;-1.16;-1.45;-33.64;37666711.0;835115141.0;TOPIA;332606.0;7374258.0;GAMING
3120;ECOMI;0.0006113;0.14;1.68;-9.2;161625052.0;264382112394.0;OMI;324728.0;531182480.0;GAMING
3125;Forgotten Playland;0.03407;-0.04;2.07;-26.93;18739968.0;550000000.0;FP;322338.0;9460308.0;GAMING
3127;Merit Circle;2.64;-0.23;1.68;-15.19;849373022.0;322101826.0;MC;318268.0;120694.0;GAMING
3137;Meta Merge;0.001148;-2.62;0.5;-5.33;229596.0;200000000.0;MMM;309792.0;269857710.0;GAMING
3164;Enjinstarter;0.007657;0.07;9.6;-7.79;27517238.0;3593763002.0;EJS;289718.0;37837235.0;GAMING
3172;Soul Society;0.004479;-0.64;-1.57;-50.98;144922.0;32354706.0;HON;287861.0;64266751.0;GAMING
3195;Nirvana;0.1854;5.3;-7.76;-5.28;10981703.0;60099105.0;VANA;275421.0;1507283.0;GAMING
3247;Arcade;0.1102;-2.6;-8.23;-32.0;1108953.0;10060871.0;ARC;241139.0;2187707.0;GAMING
3264;Domi Online;0.03266;1.15;-6.38;-33.74;11409395.0;350130400.0;DOMI;231715.0;7110844.0;GAMING
3324;KAP Games;0.1077;0.36;-1.41;-18.63;13678833.0;127128262.0;KAP;203100.0;1887572.0;GAMING
3338;Game Meteor Coin;0.002336;0.78;0.78;15.4;1723241.0;735960327.0;GMTO;197799.0;84475814.0;GAMING
3358;Icon.X World;0.8389;0.99;12.43;25.94;2131068.0;2550000.0;ICNX;189315.0;226532.0;GAMING
3409;Dubbz;2.2;1.32;12.51;-20.76;22036115.0;10000000.0;DUBBZ;174012.0;78967.0;GAMING
3429;Magical Blocks;0.02227;-2.66;-2.27;-31.49;949255.0;42576387.0;MBLK;168774.0;7569926.0;GAMING
3434;Magic Crystal;0.3305;0.0;-0.12;-4.95;939294.0;2842229.0;MC;165713.0;501433.0;GAMING
3445;Storm Warfare;0.0293;0.68;-2.45;-22.87;915719.0;31250000.0;JAN;160795.0;5487332.0;GAMING
3452;MixMob;0.05271;0.05;3.98;-9.1;7732541.0;146711005.0;MXM;158102.0;2999691.0;GAMING
3460;Pikamoon;0.001812;-1.23;-1.04;0.52;13593644.0;7503839475.0;PIKA;156505.0;86392483.0;GAMING
3476;Equilibrium Games;0.03355;-0.02;4.09;-14.92;2784321.0;83000000.0;EQ;151125.0;4505004.0;GAMING
3485;Sugar Kingdom Odyssey;0.04442;1.06;-1.93;-35.38;505196.0;11372000.0;SKO;149535.0;3366039.0;GAMING
3548;Mythos;0.3759;-0.36;-1.79;-22.18;125043434.0;332682787.0;MYTH;134992.0;359150.0;GAMING
3574;Rake Coin;8.401e-05;0.36;0.79;-10.34;3932348.0;46805803702.0;RAKE;129548.0;1541977665.0;GAMING
3582;Metahorse Unity;0.08162;2.46;-17.33;-4.48;1003965.0;12300000.0;MUNITY;128169.0;1570257.0;GAMING
3590;BilliCat;0.005785;0.34;9.48;-0.73;578534.0;100000000.0;BCAT;126848.0;21925741.0;GAMING
3615;MEOW;0.03138;0.1;0.94;-24.12;46123628.0;1469741551.0;MEOW;122154.0;3892479.0;GAMING
3625;Vendetta;0.2785;0.12;1.81;-4.24;1322733.0;4749708.0;VDT;120717.0;433475.0;GAMING
3667;Raini Studios Token;0.05054;-6.39;-13.03;-31.37;28554444.0;565000000.0;RST;112915.0;2234219.0;GAMING
3681;Sheertopia;1.12;-0.39;-1.2;-24.97;1346744.0;1200000.0;AMBO;110432.0;98399.0;GAMING
3685;GGDApp;0.02961;-0.36;0.04;-15.28;467902.0;15800000.0;GGTK;109999.0;3714425.0;GAMING
3757;BoxBet;0.2381;0.0;11.92;21.61;23812133.0;100000000.0;BXBT;95114.0;399435.0;GAMING
3775;Gold Fever;0.1003;1.02;-0.05;-23.57;4101507.0;40883146.0;NGL;92181.0;918844.0;GAMING
3794;Miner Arena;0.07505;0.18;-1.62;-18.08;6003630.0;80000000.0;MINAR;90488.0;1205775.0;GAMING
3802;Morra;0.01483;0.55;-1.31;-25.12;5616964.0;378697704.0;MORRA;89394.0;6026987.0;GAMING
3813;Planet Sandbox;0.01459;0.26;-4.05;-26.09;77131.0;5286194.0;PSB;87775.0;6015689.0;GAMING
3855;Realm;0.002909;-0.64;-3.35;-10.2;2611202.0;897722375.0;REALM;80234.0;27584006.0;GAMING
3878;Bullieverse;0.007289;-0.21;2.98;-23.95;5250610.0;720379628.0;$BULL;76878.0;10547578.0;GAMING
3911;Sociapol;0.0001121;0.13;-3.29;7.17;407073.0;3630000000.0;SPOL;72036.0;642371997.0;GAMING
3950;Super Athletes Token;0.002541;0.03;0.44;0.42;234753.0;92398000.0;SAT;68187.0;26838257.0;GAMING
3997;ScarQuest;0.002083;0.6;3.19;-32.71;4932350.0;2368063288.0;SCAR;62213.0;29869026.0;GAMING
4031;BattleVerse;0.0005673;0.02;0.0;-18.38;2269.0;4000000.0;BVC;58858.0;103755849.0;GAMING
4046;Heroes & Empires;0.0009961;1.04;1.68;-2.24;139251.0;139794670.0;HE;56804.0;57025779.0;GAMING
4061;Blast Frontiers;9.368e-05;0.11;5.68;-23.04;224832.0;2400000000.0;BLAST;55909.0;596808956.0;GAMING
4070;Metastrike;0.008206;0.45;-0.47;-24.81;178370.0;21736331.0;MTS;55071.0;6711028.0;GAMING
4090;PunkCity;3.55;1.49;5.97;-11.28;61611461.0;17371306.0;PUNK;53164.0;14989.0;GAMING
4092;DeFi Warrior (FIWA);6.717e-05;-0.29;-0.1;-6.24;34931.0;520000000.0;FIWA;52847.0;786711554.0;GAMING
4096;KOMPETE;0.02729;0.08;-1.17;-18.75;18448571.0;676137487.0;KOMPETE;52599.0;1927730.0;GAMING
4099;Derby Stars;0.03783;-0.14;-0.68;-20.24;3307296.0;87428163.0;DSRUN;52061.0;1376232.0;GAMING
4112;MEGAWEAPON;0.6697;0.12;3.74;-14.07;6697198.0;10000000.0;WEAPON;51153.0;76380.0;GAMING
4161;Space Misfits;0.005539;0.0;2.47;-2.39;268079.0;48394393.0;SMCW;45283.0;8174552.0;GAMING
4162;TridentDAO;0.008599;0.49;0.26;-18.18;18041.0;2097902.0;PSI;45228.0;5259448.0;GAMING
4182;Matthew Box 404;59.52;0.75;-2.33;-11.18;2380896.0;40000.0;MB4;43405.0;729.0;GAMING
4191;WASD Studios;0.0007376;0.0;23.2;-54.29;663811.0;900000000.0;WASD;42886.0;58145385.0;GAMING
4200;Neo Tokyo;5.16;0.0;-5.48;-18.79;9702891.0;1881723.0;BYTES;41969.0;8139.0;GAMING
4218;BlockchainSpace;0.005254;-0.07;-0.11;-16.27;1613092.0;307026054.0;GUILD;40402.0;7689847.0;GAMING
4242;Moonsama;0.01327;-1.91;-1.08;-18.59;7173420.0;540692901.0;SAMA;38712.0;2917869.0;GAMING
4252;UFORIKA;0.00235;-1.1;-1.14;-19.65;899038.0;382629167.0;FORA;38112.0;16220243.0;GAMING
4266;Alpaca City;0.01355;-0.09;-2.76;-9.27;94419.0;6966504.0;ALPA;37333.0;2754553.0;GAMING
4308;Web3Games.com;0.02353;13.47;-0.72;-28.91;7655271.0;325279995.0;WGT;34602.0;1470269.0;GAMING
4362;Anima Spirit Gem;0.02508;0.13;-2.07;-20.93;2508243.0;100000000.0;ASG;31012.0;1236422.0;GAMING
4413;PanoVerse;0.08195;-0.06;-7.68;-45.24;2294505.0;28000000.0;PANO;28535.0;348220.0;GAMING
4414;Web3War;0.1428;-1.06;0.19;-22.79;2504130.0;17541591.0;FPS;28512.0;199732.0;GAMING
4444;Meme Kombat;0.08137;-0.43;-3.63;-3.19;9763969.0;120000000.0;MK;27245.0;334842.0;GAMING
4486;SEKAI GLORY;0.006181;0.52;-9.21;-36.18;1396251.0;225900000.0;GLORY;25953.0;4198983.0;GAMING
4499;Sipher;0.2572;0.03;4.97;-14.92;29413721.0;114340911.0;SIPHER;25605.0;99536.0;GAMING
4501;Meta Masters Guild Games;0.004034;0.53;0.27;-18.98;1808628.0;448382330.0;MEMAGX;25536.0;6330787.0;GAMING
4507;TaleCraft;0.004275;-2.85;34.87;-30.07;25649.0;6000000.0;CRAFT;25359.0;5932212.0;GAMING
4510;Army of Fortune Gem;0.01614;-2.73;-1.56;-17.87;613443.0;38000000.0;AFG;25253.0;1564321.0;GAMING
4516;Dope Wars Paper;0.005661;0.0;-9.65;-24.99;5105298.0;901785710.0;PAPER;24975.0;4411436.0;GAMING
4543;Xtremeverse;570.08;0.0;30.97;36.9;1710251.0;3000.0;XTREME;24051.0;42.0;GAMING
4588;Kingdomverse;0.001342;-0.36;12.8;-25.33;65242.0;48625000.0;KING;22456.0;16736907.0;GAMING
4641;REAKTOR;1.735e-05;0.01;-5.1;-34.02;3160380.0;182143425518.0;RKR;20737.0;1195134575.0;GAMING
4685;HILO;0.04837;-0.03;2.38;-18.58;3841864.0;79431436.0;HILO;19762.0;408581.0;GAMING
4746;Champz;0.006443;0.0;9.59;1.43;6442807.0;1000000000.0;CHAMPZ;17654.0;2740034.0;GAMING
4749;NFT Champions;0.003489;-0.59;-7.03;-13.49;523994.0;150199082.0;CHAMP;17631.0;5053888.0;GAMING
4795;Hydraverse;0.0002053;-0.04;4.93;-13.21;4560.0;22208111.0;HDV;16478.0;80246574.0;GAMING
4857;Hero Arena;0.002234;0.41;-5.85;-16.0;12829.0;5743750.0;HERA;15099.0;6760043.0;GAMING
4892;xPET tech BPET;0.08417;0.07;2.03;-24.18;677542.0;8049427.0;BPET;14371.0;170738.0;GAMING
4900;ZONE;0.001189;1.59;-3.32;-26.75;145255.0;122154602.0;ZONE;14261.0;11993104.0;GAMING
4911;BunnyPark;0.002603;-0.03;-1.14;-9.9;203550.0;78204970.0;BP;14125.0;5426815.0;GAMING
4919;Dynasty Wars;0.1149;6.67;9.54;-18.33;114936.0;1000000.0;DWARS;14030.0;122066.0;GAMING
4930;Spintop;0.01034;0.08;-1.92;-9.13;4348940.0;420411050.0;SPIN;13865.0;1340314.0;GAMING
4978;Snook;0.007264;0.64;5.66;-2.43;189051.0;26027079.0;SNK;13176.0;1813977.0;GAMING
5000;X Protocol;0.006818;-0.04;-2.64;-17.5;32387.0;4750000.0;POT;12875.0;1888250.0;GAMING
5012;Nomad Exiles;0.001595;0.17;-0.98;-4.08;12761.0;8000000.0;PRIDE;12589.0;7892291.0;GAMING
5086;The GameHub;0.01995;0.0;-1.61;-60.11;1994724.0;100000000.0;GHUB;11035.0;553190.0;GAMING
5145;StarSharks (SSS);0.07763;0.15;1.8;-12.34;101903.0;1312693.0;SSS;9880.0;127268.0;GAMING
5249;Pegaxy;0.01349;0.0;-0.06;-14.43;2762547.0;204834406.0;PGX;7867.0;583308.0;GAMING
5252;Neos Credits;0.2389;0.0;-0.52;-1.17;9417993.0;39428414.0;NCR;7839.0;32817.0;GAMING
5264;Etherpets;0.008122;0.0;-0.93;-1.54;812243.0;100000000.0;EPETS;7636.0;940142.0;GAMING
5270;Animalia;0.03501;0.73;0.22;-34.87;902176.0;25770000.0;ANIM;7490.0;213959.0;GAMING
5302;Warped Games;0.001367;0.0;3.6;-14.46;7433837.0;5436328567.0;WARPED;6908.0;5051834.0;GAMING
5345;Etherscape;0.05847;7.52;34.82;61.33;584745.0;10000000.0;SCAPE;6365.0;108844.0;GAMING
5443;Besa Gaming;0.0001221;-0.15;13.05;-14.49;122140.0;1000000000.0;BESA;5062.0;41442951.0;GAMING
5476;Tongochi;0.01377;1.51;5.16;-49.58;1253958.0;91085000.0;PET;4770.0;346508.0;GAMING
5482;CasinoCoin;0.0001637;0.74;6.98;-17.2;6758850.0;41290000000.0;CSC;4731.0;28901748.0;GAMING
5640;Phantom of the Kill;0.00396;0.0;-3.66;-35.56;34306.0;8663488.0;HIME;3385.0;854814.0;GAMING
5687;Gambit;3.068e-06;-3.54;-6.45;-7.24;306793.0;100000000000.0;GAMBIT;3061.0;997700991.0;GAMING
5740;Undead Blocks;0.1135;1.25;3.03;-12.77;1703047.0;15000000.0;UNDEAD;2705.0;23823.0;GAMING
5757;SPONGE;0.001658;0.57;-0.42;-19.57;67194708.0;40400000000.0;SPONGE;2578.0;1550039.0;GAMING
