;+#;Nombre;Precio;1h %;24 h %;7d %;Cap. de Mercado;Volumen (24h);Acciones en circulación
0;2;Ethereum ETH;$3,072.44;-0.25%;+2.07%;-12.49%;$368.91B $368,914,197,986;$15,340,418,124 5,003,070 ETH;120,072,117 ETH
1;11;Shiba Inu SHIB;$0.00002285;+0.17%;+2.72%;-17.19%;$13.47B $13,467,725,316;$467,017,415 20,485,132,680,649 SHIB;589,289,410,812,691 SHIB
2;22;Dai DAI;$0.9999;-0.00%;-0.01%;-0.01%;$5.35B $5,347,850,565;$254,554,269 254,554,647 DAI;5,347,888,596 DAI
3;26;Mantle MNT;$1.17;+0.93%;+1.26%;-8.09%;$3.84B $3,835,531,432;$83,206,188 71,575,485 MNT;3,264,441,708 MNT
4;27;First Digital USD FDUSD;$1.00;+0.05%;+0.07%;-0.04%;$3.68B $3,675,360,388;$7,934,336,941 7,934,451,693 FDUSD;3,673,766,597 FDUSD
5;35;Render RNDR;$7.93;+0.09%;+1.91%;-11.51%;$3.07B $3,066,019,682;$170,097,167 21,428,381 RNDR;384,361,224 RNDR
6;36;Arbitrum ARB;$1.15;-0.09%;+2.69%;-19.24%;$3.03B $3,034,578,349;$277,746,999 242,436,974 ARB;2,653,939,384 ARB
7;61;Beam BEAM;$0.02636;+0.10%;+2.38%;-17.77%;$1.39B $1,390,114,047;$32,548,547 1,232,430,938 BEAM;52,951,176,339 BEAM
8;74;Ondo ONDO;$0.7788;-0.94%;-4.71%;-6.69%;$1.07B $1,074,413,454;$324,764,113 412,404,797 ONDO;1,389,759,838 ONDO
9;76;Wormhole W;$0.5874;-0.23%;+1.20%;-24.12%;$1.07B $1,074,415,205;$129,758,016 220,897,528 W;1,800,000,000 W
10;80;The Sandbox SAND;$0.4394;+0.15%;+0.53%;-27.91%;$993.07M $993,069,395;$96,783,111 220,257,541 SAND;2,251,731,926 SAND
11;83;Worldcoin WLD;$5.06;-0.09%;+5.31%;-20.82%;$959.72M $959,717,449;$258,938,873 51,155,758 WLD;190,564,386 WLD
12;90;JasmyCoin JASMY;$0.01856;+0.14%;+2.18%;-18.73%;$915.14M $915,142,562;$64,541,567 3,486,049,977 JASMY;49,299,999,677 JASMY
13;92;Starknet STRK;$1.26;+0.20%;+0.94%;-31.28%;$912.51M $912,511,594;$91,561,950 73,523,742 STRK;728,000,000 STRK
14;100;Axelar AXL;$1.20;+0.02%;+2.93%;-10.02%;$756.72M $756,724,570;$31,791,458 26,454,346 AXL;632,679,660 AXL
15;139;Manta Network MANTA;$1.83;-0.07%;-1.27%;-30.83%;$459.9M $459,904,777;$62,516,367 33,947,858 MANTA;251,000,000 MANTA
16;166;SafePal SFP;$0.8227;-0.02%;+6.51%;-5.40%;$381.11M $381,112,715;$12,806,030 15,636,611 SFP;462,500,000 SFP
17;168;OriginTrail TRAC;$0.9352;+0.30%;+4.68%;-11.98%;$378.58M $378,580,885;$3,046,363 3,275,266 TRAC;405,356,579 TRAC
18;169;Centrifuge CFG;$0.7717;-2.34%;+12.42%;-7.30%;$378.8M $378,801,366;$2,678,840 3,522,052 CFG;491,179,484 CFG
19;179;Aragon ANT;$8.17;-0.09%;+1.79%;-10.85%;$351.72M $351,717,354;$6,152,426 749,701 ANT;43,179,657 ANT
20;181;Arkham ARKM;$1.70;+0.12%;+6.75%;-13.54%;$347.57M $347,567,154;$94,935,265 55,912,566 ARKM;204,600,000 ARKM
21;182;Loopring LRC;$0.2533;+0.26%;+1.52%;-24.99%;$346.03M $346,033,798;$13,962,170 55,365,373 LRC;1,366,804,998 LRC
22;186;Mask Network MASK;$3.40;+0.21%;+3.63%;-28.64%;$326.49M $326,494,090;$55,409,424 16,337,132 MASK;96,025,000 MASK
23;206;Wrapped Beacon ETH WBETH;$3,182.36;+0.17%;+2.18%;-12.41%;$2.85B $2,852,365,586;$4,057,255 1,278 WBETH;896,359 WBETH
24;237;Omni Network OMNI;$25.60;+0.57%;-11.88%;-38.36%;$267.29M $267,292,206;$232,995,719 9,268,234 OMNI;10,391,492 OMNI
25;240;Chromia CHR;$0.305;+0.18%;-0.36%;-21.83%;$247.07M $247,065,326;$8,618,959 28,289,322 CHR;812,434,439 CHR
26;248;ICON ICX;$0.2337;+0.06%;+3.78%;-28.73%;$230.67M $230,665,963;$7,287,459 31,261,074 ICX;990,050,886 ICX
27;284;Celer Network CELR;$0.02595;+0.10%;+5.04%;-27.07%;$200.24M $200,241,263;$5,168,712 202,902,610 CELR;7,743,424,107 CELR
28;297;iExec RLC RLC;$2.52;+0.30%;+5.38%;-24.20%;$182.4M $182,403,224;$7,474,890 2,988,017 RLC;72,382,548 RLC
29;299;Marlin POND;$0.02215;+0.25%;+2.10%;-25.78%;$183.37M $183,373,422;$4,456,796 201,178,563 POND;8,087,375,977 POND
30;302;Aevo AEVO;$1.60;-0.15%;-0.63%;-34.46%;$175.57M $175,572,103;$56,522,255 35,473,034 AEVO;110,000,000 AEVO
31;304;CyberConnect CYBER;$8.72;+0.50%;+4.08%;-35.27%;$173.04M $173,039,267;$19,429,766 2,245,010 CYBER;19,901,944 CYBER
32;320;Venus XVS;$10.11;+0.41%;+4.13%;-34.35%;$159.45M $159,451,246;$8,514,527 845,625 XVS;15,779,936 XVS
33;323;IQ IQ;$0.008746;-0.20%;+2.19%;-24.76%;$157.83M $157,834,352;$10,501,805 1,210,576,967 IQ;18,032,726,356 IQ
34;327;Cartesi CTSI;$0.1993;+0.82%;+3.78%;-26.17%;$155.78M $155,775,517;$5,466,530 27,672,049 CTSI;782,867,306 CTSI
35;342;Phala Network PHA;$0.1978;+0.16%;+3.04%;-16.65%;$140.93M $140,926,962;$9,322,837 47,331,945 PHA;713,135,849 PHA
36;344;TrueFi TRU;$0.1227;-1.29%;+1.15%;-6.05%;$139.75M $139,748,352;$26,770,631 216,443,347 TRU;1,119,119,339 TRU
37;351;Gomining GMT;$0.3359;+0.08%;-0.24%;+0.15%;$135.16M $135,155,992;$5,373,191 15,967,209 GMT;401,643,157 GMT
38;363;Node AI GPU;$1.48;+1.05%;+3.49%;-22.33%;$132.27M $132,274,144;$1,933,145 1,338,081 GPU;90,264,133 GPU
39;372;MVL MVL;$0.00517;+0.25%;-1.31%;-22.77%;$126.79M $126,792,174;$8,116,760 1,582,991,746 MVL;24,652,958,863 MVL
40;380;ApeX Protocol APEX;$2.59;+0.80%;+1.85%;-16.87%;$118.8M $118,801,369;$46,528,647 17,844,080 APEX;45,974,352 APEX
41;382;Hashflow HFT;$0.3085;+0.35%;+1.67%;-23.47%;$119.15M $119,154,895;$15,293,815 49,757,190 HFT;386,489,713 HFT
42;397;Highstreet HIGH;$2.26;+0.07%;-1.16%;-26.36%;$113.61M $113,606,215;$14,778,256 6,542,262 HIGH;50,365,992 HIGH
43;398;XYO XYO;$0.008594;+1.24%;+2.82%;-12.76%;$115.67M $115,666,385;$1,698,008 201,645,888 XYO;13,476,747,692 XYO
44;403;Victoria VR VR;$0.02059;-0.23%;+2.47%;-29.14%;$110.03M $110,028,590;$1,521,232 73,511,999 VR;5,336,247,368 VR
45;411;ChainGPT CGPT;$0.2473;-0.59%;+2.75%;-19.16%;$106.77M $106,770,225;$6,500,949 26,284,641 CGPT;432,718,456 CGPT
46;414;Stargate Finance STG;$0.5218;+0.33%;+1.95%;-27.63%;$106.58M $106,582,041;$13,442,919 25,868,509 STG;204,338,417 STG
47;428;TokenFi TOKEN;$0.1008;-0.20%;-0.70%;-28.28%;$100.46M $100,460,576;$14,063,717 139,473,357 TOKEN;1,000,019,789 TOKEN
48;455;Forta FORT;$0.2307;-0.05%;-4.37%;+12.15%;$90.84M $90,840,684;$3,438,903 14,870,270 FORT;388,388,554 FORT
49;457;Heroes of Mavia MAVIA;$2.95;-0.21%;-0.42%;-39.26%;$88.29M $88,286,351;$32,786,328 11,166,880 MAVIA;30,000,396 MAVIA
50;465;Chainge XCHNG;$0.1819;-0.02%;+8.55%;-21.56%;$86.86M $86,862,369;$5,500,729 30,318,269 XCHNG;474,046,128 XCHNG
51;496;Artificial Liquid Intelligence ALI;$0.02068;-0.15%;+3.09%;-2.89%;$74.36M $74,360,058;$1,840,840 89,040,001 ALI;3,588,163,660 ALI
52;508;PepeFork PORK;$0.0...01699;-0.11%;+1.61%;-29.03%;$72.03M $72,027,449;$3,715,749 21,869,815,418,115 PORK;420,690,000,000,000 PORK
53;528;Agoras: Currency of Tau AGRS;$3.67;+0.17%;-3.70%;-29.21%;$65.44M $65,443,837;$347,785 94,948 AGRS;18,000,000 AGRS
54;532;LimeWire LMWR;$1.05;+0.01%;+1.62%;-18.46%;$65.14M $65,139,083;$4,633,575 4,431,513 LMWR;62,352,281 LMWR
55;545;Gods Unchained GODS;$0.2165;+0.44%;+0.41%;-25.10%;$61.69M $61,686,363;$1,014,077 4,694,565 GODS;285,416,667 GODS
56;551;CLV CLV;$0.07577;+0.53%;+1.70%;-25.81%;$61.35M $61,353,863;$8,494,023 112,105,805 CLV;803,717,460 CLV
57;554;Numbers Protocol NUM;$0.1006;+0.77%;+8.70%;-23.48%;$61.31M $61,308,537;$1,161,317 11,650,216 NUM;608,368,916 NUM
58;559;Bella Protocol BEL;$0.924;-0.02%;+1.23%;-39.24%;$60.86M $60,858,853;$18,075,186 19,561,292 BEL;65,000,000 BEL
59;563;Astrafer ASTRAFER;$0.378;+0.00%;+0.73%;+1.10%;$59.13M $59,126,713;$201 531 ASTRAFER;156,417,090 ASTRAFER
60;568;Pandora PANDORA;$6,042.04;+4.15%;+6.08%;-29.74%;$60.43M $60,430,871;$5,412,433 935 PANDORA;10,000 PANDORA
61;577;The Root Network ROOT;$0.05476;+0.15%;+3.87%;-16.89%;$56.94M $56,943,856;$7,396,521 135,122,379 ROOT;1,038,925,778 ROOT
62;589;Moon Tropica CAH;$23.93;+0.22%;-1.56%;-26.40%;$54.59M $54,591,801;$278,816 11,675 CAH;2,236,269 CAH
63;590;DIA DIA;$0.4831;+0.53%;+5.70%;-21.65%;$53.55M $53,554,596;$8,508,999 17,681,475 DIA;110,617,604 DIA
64;591;Cornucopias COPI;$0.06253;-0.32%;+1.83%;-20.65%;$53.2M $53,195,990;$534,333 8,545,333 COPI;848,670,162 COPI
65;627;Vertex Protocol VRTX;$0.2097;-1.56%;+14.26%;-14.40%;$45.91M $45,911,412;$5,726,710 26,975,641 VRTX;221,087,464 VRTX
66;632;PlayDapp PDA;$0.08194;+0.85%;+1.58%;-35.12%;$46.52M $46,517,923;$11,246,041 138,048,678 PDA;569,084,159 PDA
67;641;EURC EURC;$1.06;+0.08%;-0.06%;-1.00%;$44.12M $44,119,890;$3,506,957 3,302,767 EURC;41,524,114 EURC
68;643;iMe Lab LIME;$0.09312;-0.44%;+25.19%;+3.13%;$43.71M $43,705,823;$3,786,412 40,849,235 LIME;472,038,858 LIME
69;644;League of Kingdoms Arena LOKA;$0.2641;+0.36%;+3.39%;-24.94%;$43.82M $43,822,027;$3,978,650 15,168,613 LOKA;166,376,242 LOKA
70;665;Litentry LIT;$1.03;+0.39%;+3.30%;-26.66%;$40.73M $40,734,323;$4,930,034 4,820,967 LIT;39,619,383 LIT
71;674;e-Radix EXRD;$0.05298;+0.17%;+1.25%;-22.34%;$38.73M $38,729,562;$434,768 8,207,276 EXRD;734,834,633 EXRD
72;697;Vectorspace AI VXV;$0.6963;-1.45%;-4.71%;-23.77%;$34.9M $34,898,303;$188,457 266,220 VXV;49,917,054 VXV
73;704;Stratos STOS;$0.8978;+0.39%;-0.71%;-28.47%;$34.81M $34,808,593;$720,805 806,006 STOS;38,800,874 STOS
74;711;Shapeshift FOX Token FOX;$0.08713;-1.10%;+6.01%;-21.64%;$32.58M $32,576,114;$1,718,071 19,401,366 FOX;377,154,162 FOX
75;725;Crypto Asset Governance Alliance CAGA;$0.0005202;-0.06%;+0.46%;-2.08%;$32.01M $32,011,031;$1,833,856 3,523,387,906 CAGA;61,492,072,802 CAGA
76;732;ONBUFF ONIT;$0.04195;+1.97%;-4.59%;+7.23%;$31.61M $31,611,040;$2,382,900 58,007,473 ONIT;770,075,466 ONIT
77;754;Blocksquare Token BST;$0.6339;+1.51%;+8.86%;-11.50%;$29.5M $29,495,829;$1,109,961 1,777,756 BST;46,486,954 BST
78;761;Nuco.cloud NCDT;$0.8882;-0.16%;-0.94%;-24.89%;$28.43M $28,432,418;$466,892 523,669 NCDT;32,030,898 NCDT
79;771;HELLO Labs HELLO;$0.04313;+0.70%;-0.70%;-23.23%;$27.21M $27,209,429;$1,561,178 36,381,204 HELLO;630,523,787 HELLO
80;772;RabbitX RBX;$0.08287;+5.56%;+24.39%;-2.23%;$30.19M $30,193,585;$101,110 1,364,130 RBX;364,345,316 RBX
81;795;Ternoa CAPS;$0.01964;+0.67%;+3.58%;-13.55%;$25.09M $25,086,415;$527,032 27,104,013 CAPS;1,287,030,207 CAPS
82;811;Carbon browser CSIX;$0.06084;+0.73%;+1.97%;-15.80%;$24.13M $24,126,228;$1,251,106 20,765,828 CSIX;396,585,068 CSIX
83;812;Volt Inu VOLT;$0.0...04328;-0.03%;+1.29%;-15.85%;$23.71M $23,711,784;$9,910,399 22,864,264,005,886 VOLT;54,766,287,142,827 VOLT
84;818;DexCheck AI DCK;$0.06815;+0.20%;+0.89%;-15.29%;$23.12M $23,119,813;$1,337,930 19,671,652 DCK;339,422,186 DCK
85;825;ParagonsDAO PDT;$0.1427;+0.01%;-15.13%;-13.76%;$22.75M $22,752,419;$51,953 365,948 PDT;159,425,995 PDT
86;827;Aventus AVT;$3.73;+1.90%;+7.52%;-8.81%;$22.38M $22,380,179;$2,576,412 683,327 AVT;6,000,000 AVT
87;844;zKML ZKML;$0.2408;+1.58%;+7.66%;-33.31%;$22.22M $22,218,489;$332,540 1,421,458 ZKML;92,263,429 ZKML
88;845;GameSwift GSWIFT;$0.343;+0.36%;-4.17%;-25.95%;$21.48M $21,480,445;$401,380 1,172,375 GSWIFT;62,621,513 GSWIFT
89;855;Cosplay Token COT;$0.05163;-0.07%;+5.53%;+14.23%;$20.35M $20,353,621;$2,475,222 47,857,845 COT;394,359,177 COT
90;862;SquidGrow SQUIDGROW;$0.0...01715;+0.26%;+6.03%;-20.44%;$20.17M $20,172,953;$502,652 29,396,942,370,513 SQUIDGROW;1,174,940,845,113,550 SQUIDGROW
91;877;ZUSD ZUSD;$0.9996;-0.12%;-0.03%;-0.04%;$19M $18,997,648;$2,426 2,426 ZUSD;19,012,373 ZUSD
92;880;Newscrypto NWC;$0.1248;-0.01%;-0.69%;-11.82%;$18.86M $18,864,722;$100,487 797,889 NWC;150,400,834 NWC
93;891;VoluMint VMINT;$0.03431;+0.59%;+6.30%;-16.35%;$18.69M $18,692,257;$991,157 28,935,106 VMINT;552,136,291 VMINT
94;898;Byte BYTE;$0.00001884;+2.12%;+33.05%;-18.30%;$18.14M $18,142,226;$526,717 28,696,433,211 BYTE;964,467,033,477 BYTE
95;903;Dvision Network DVI;$0.02377;-0.03%;+3.53%;-32.33%;$17.44M $17,444,545;$591,032 24,909,252 DVI;733,196,290 DVI
96;921;Ferrum Network FRM;$0.06203;-0.39%;-1.23%;-22.51%;$16.49M $16,489,524;$592,926 9,552,785 FRM;264,745,066 FRM
97;930;Moby MOBY;$0.5231;-0.62%;-1.21%;-34.59%;$16.19M $16,193,453;$482,477 916,624 MOBY;30,949,520 MOBY
98;932;Bad Idea AI BAD;$0.0...03063;+0.28%;+7.44%;-12.66%;$16.28M $16,282,117;$2,191,126 71,849,705,044,769 BAD;530,334,921,255,707 BAD
99;937;Cult DAO CULT;$0.000003759;+1.88%;+3.65%;-15.93%;$16.13M $16,126,214;$684,134 186,596,214,097 CULT;4,318,690,730,920 CULT
100;942;Metacade MCADE;$0.01193;-0.00%;-0.21%;-7.83%;$15.87M $15,869,492;$519,160 43,635,889 MCADE;1,330,753,754 MCADE
101;952;PolkaBridge PBR;$0.201;+4.79%;-4.33%;+192.33%;$15.1M $15,098,080;$2,443,820 12,137,760 PBR;75,109,982 PBR
102;953;Rangers Protocol Gas RPG;$1.62;-0.05%;-1.76%;-13.91%;$15.09M $15,086,240;$171,115 105,538 RPG;9,306,140 RPG
103;974;SPECTRE AI SPECTRE;$1.55;+0.46%;-7.30%;-39.07%;$14.11M $14,110,559;$139,549 89,937 SPECTRE;9,093,998 SPECTRE
104;992;GYEN GYEN;$0.006452;-0.11%;+0.35%;-0.43%;$13.54M $13,541,653;$19,335 2,996,735 GYEN;2,098,780,833 GYEN
105;995;Push Protocol PUSH;$0.2215;+0.09%;+2.15%;-17.39%;$13.37M $13,368,152;$724,648 3,271,217 PUSH;60,365,125 PUSH
106;997;UniBot UNIBOT;$13.23;-0.43%;+1.94%;-16.02%;$13.22M $13,224,425;$2,872,289 217,028 UNIBOT;1,000,000 UNIBOT
107;1000;UNCX Network UNCX;$280.24;+0.04%;+4.04%;-10.99%;$13.04M $13,035,498;$25,967 93 UNCX;46,504 UNCX
108;1010;Bridge Oracle BRG;$0.001559;-0.27%;-3.55%;-32.34%;$12.48M $12,483,547;$1,079,901 692,581,953 BRG;8,002,167,205 BRG
109;1023;Somnium Space Cubes CUBE;$0.9661;-0.15%;-2.56%;-15.63%;$12.09M $12,090,265;$12,268 12,698 CUBE;12,500,000 CUBE
110;1043;Origin DeFi Governance OGV;$0.01308;+0.87%;+6.93%;-18.10%;$11.24M $11,241,208;$804,673 61,515,363 OGV;859,782,377 OGV
111;1063;ERC20 ERC20;$0.009248;-11.75%;+75.25%;-61.43%;$10.44M $10,437,186;$21,028 2,273,841 ERC20;1,128,632,512 ERC20
112;1078;EML Protocol EML;$0.2474;-1.89%;+5.60%;+10.11%;$9.87M $9,869,953;$25,189 101,800 EML;39,745,310 EML
113;1104;Lossless LSS;$0.1646;-0.96%;-0.91%;-24.87%;$9.14M $9,142,123;$202,847 1,232,121 LSS;55,572,672 LSS
114;1121;apM Coin APM;$0.005772;+0.50%;-0.98%;-22.58%;$8.61M $8,611,058;$240,085 41,596,983 APM;1,491,875,000 APM
115;1122;Torum XTM;$0.04429;+0.71%;+4.92%;-29.27%;$8.61M $8,608,532;$260,642 5,885,326 XTM;194,096,317 XTM
116;1124;UnMarshal MARSH;$0.1696;+0.73%;+5.84%;-23.03%;$8.59M $8,590,420;$638,982 3,775,747 MARSH;50,655,268 MARSH
117;1136;PureFi Protocol UFI;$0.1416;-0.21%;-1.85%;-18.81%;$8.27M $8,273,152;$84,819 599,121 UFI;58,422,831 UFI
118;1139;Mancium MANC;$0.82;+1.69%;-0.01%;+1.41%;$8.2M $8,200,165;$35,717 43,561 MANC;10,000,000 MANC
119;1143;OpenOcean OOE;$0.01619;+0.33%;+1.87%;-21.61%;$8.17M $8,165,093;$208,276 12,870,842 OOE;504,425,832 OOE
120;1155;ChangeNOW Token NOW;$0.09279;+0.00%;+0.00%;-19.59%;$7.87M $7,868,741;--;84,803,670 NOW
121;1159;Adappter Token ADP;$0.002576;+1.87%;+1.25%;-31.40%;$7.77M $7,768,316;$247,536 96,098,195 ADP;3,015,553,621 ADP
122;1176;Veloce VEXT;$0.07003;-0.13%;+4.70%;-23.95%;$7.6M $7,596,259;$657,154 9,512,559 VEXT;108,466,194 VEXT
123;1181;Pintu Token PTU;$0.318;-0.00%;-0.64%;-8.70%;$7.43M $7,428,079;$24,845 78,148 PTU;23,362,132 PTU
124;1184;Lush AI LUSH;$0.001548;-0.15%;+2.90%;-51.08%;$7.39M $7,389,621;$12,876 8,318,203 LUSH;4,773,886,658 LUSH
125;1243;Nash NEX;$0.1422;+0.00%;-0.22%;-8.79%;$6.01M $6,008,437;$363 2,554 NEX;42,266,473 NEX
126;1247;RFOX RFOX;$0.004471;-0.97%;+12.44%;-12.32%;$5.87M $5,866,268;$214,830 47,929,921 RFOX;1,312,000,760 RFOX
127;1251;Pikaboss PIKA;$0.0...01384;+1.01%;+1.61%;-16.87%;$5.82M $5,821,026;$29,881 2,159,690,021,425 PIKA;420,690,000,000,000 PIKA
128;1269;ClinTex CTi CTI;$0.04352;-0.78%;+3.85%;-16.33%;$5.42M $5,416,167;$258,551 5,938,874 CTI;124,445,175 CTI
129;1270;Coupon Assets CA;$0.5595;+0.20%;-0.41%;-11.36%;$5.41M $5,411,152;$5,382,962 9,616,450 CA;9,671,260 CA
130;1279;Perion PERC;$0.3881;+0.07%;+4.71%;+2.16%;$5.19M $5,191,004;$145,447 374,845 PERC;13,375,394 PERC
131;1314;BBS Network BBS;$0.01882;-0.42%;+0.34%;+22.61%;$4.56M $4,558,619;$51,972 2,759,876 BBS;242,233,402 BBS
132;1345;AXIS Token AXIS;$0.01242;+0.09%;+0.86%;+17.67%;$3.98M $3,978,246;$206 16,556 AXIS;320,303,188 AXIS
133;1358;Exeedme XED;$0.04183;-0.10%;+1.76%;-13.04%;$3.82M $3,824,298;$68,852 1,647,372 XED;91,430,976 XED
134;1365;Neighbourhoods NHT;$0.0004618;-0.07%;+0.23%;-4.76%;$3.68M $3,682,032;$14,366 31,102,677 NHT;7,972,813,374 NHT
135;1381;ApeBond ABOND;$0.02378;-0.06%;+1.40%;-21.11%;$3.43M $3,430,449;$75,179 3,161,268 ABOND;144,282,792 ABOND
136;1385;DSLA Protocol DSLA;$0.0006148;+0.48%;+4.97%;-11.48%;$3.38M $3,376,604;$87,375 142,082,707 DSLA;5,491,802,966 DSLA
137;1394;ASTA ASTA;$0.001571;+0.00%;+0.05%;+0.03%;$3.3M $3,298,669;$9 6,004 ASTA;2,099,999,990 ASTA
138;1442;MAGA VP MVP;$0.06738;+0.18%;-4.40%;-8.30%;$2.8M $2,797,646;$1,646,182 24,447,576 MVP;41,520,023 MVP
139;1449;Standard STND;$0.03141;+0.99%;+0.60%;-20.31%;$2.69M $2,688,114;$385,663 12,275,650 STND;85,574,950 STND
140;1483;Pawthereum PAWTH;$0.002888;+0.00%;+4.46%;-8.36%;$2.44M $2,437,971;$6,657 2,304,987 PAWTH;844,190,557 PAWTH
141;1494;Green Satoshi Token (ETH) GST;$0.03605;-0.14%;-0.56%;-9.94%;$2.34M $2,335,125;--;64,774,983 GST
142;1518;Kromatika KROM;$0.02666;+0.14%;+1.57%;-16.28%;$2.14M $2,140,132;$83,848 3,145,433 KROM;80,280,675 KROM
143;1527;AurusX AX;$0.7235;+0.01%;-0.15%;+3.26%;$2.06M $2,064,653;$204,841 283,013 AX;2,853,891 AX
144;1532;Launchblock.com LBP;$0.0005792;-0.25%;-4.59%;-28.90%;$2.04M $2,038,215;$100,221 lbp 172,502,833;3,519,093,982 LBP
145;1549;3space Art PACE;$0.03674;-2.60%;+49.58%;+22.97%;$1.92M $1,923,383;$78,410 2,132,692 PACE;52,355,204 PACE
146;1576;VNX Swiss Franc VCHF;$1.10;-0.03%;+0.87%;-0.33%;$1.74M $1,744,791;$774,772 706,044 VCHF;1,589,971 VCHF
147;1607;InsurAce INSUR;$0.03325;-0.27%;+5.14%;-28.29%;$1.49M $1,492,739;$134,907 4,060,755 INSUR;44,891,926 INSUR
148;1623;Polychain Monsters PMON;$0.4138;-0.00%;-5.12%;-30.77%;$1.41M $1,411,129;$32,507 78,531 PMON;3,410,185 PMON
149;1628;TRAVA.FINANCE TRAVA;$0.0005312;+0.15%;+3.84%;-23.07%;$1.38M $1,381,992;$1,309,821 2,467,004,537 TRAVA;2,601,760,022 TRAVA
150;1641;XY Finance XY;$0.1493;+2.48%;+5.20%;-21.60%;$1.34M $1,343,176;$40,695 272,589 XY;8,996,415 XY
151;1652;Offshift [Old] XFT;$0.7203;+0.00%;+1.67%;+10.07%;$1.28M $1,284,645;$15 21 XFT;1,783,593 XFT
152;1665;The Unfettered Ecosystem SOULS;$0.004467;-0.29%;+0.28%;-22.01%;$1.23M $1,232,159;$92,731 20,690,922 SOULS;275,833,817 SOULS
153;1670;ZAIBOT ZAI;$0.2266;+1.14%;+3.03%;-18.79%;$1.19M $1,188,591;$490,524 2,167,202 ZAI;5,245,087 ZAI
154;1671;Unistake UNISTAKE;$0.005315;-0.28%;+0.48%;-12.76%;$1.17M $1,174,244;$4,920 925,945 UNISTAKE;220,922,159 UNISTAKE
155;1678;Fringe Finance FRIN;$0.001737;+0.31%;-0.29%;-13.36%;$1.14M $1,136,896;$143,107 82,385,533 FRIN;654,583,449 FRIN
156;1691;CEREAL CEP;$0.005845;-1.23%;-6.66%;-3.52%;$1.1M $1,095,859;$3,614 618,374 CEP;187,500,000 CEP
157;1693;SafeMoon Inu SMI;$0.00000109;+0.00%;+2.76%;-12.80%;$1.09M $1,089,650;$231 212,389,277 SMI;1,000,000,000,000 SMI
158;1699;UBIX.Network UBX;$0.0000233;-1.39%;+16.80%;+1.79%;$1.06M $1,061,519;$241,784 10,398,198,924 UBX;45,558,153,243 UBX
159;1704;Shiba Saga SHIA;$0.01932;-1.09%;-1.62%;-25.10%;$1.04M $1,042,220;$748,916 38,734,376 SHIA;53,936,830 SHIA
160;1758;Hyve HYVE;$0.03264;-2.01%;-8.64%;-30.70%;$837,056.09 $837,056;$238,696 7,317,817 HYVE;25,646,075 HYVE
161;1789;Alphabet ALPHABET;$74.78;-0.09%;+5.00%;-16.21%;$747,793.92 $747,794;$314,350 4,194 ALPHABET;10,000 ALPHABET
162;1835;Don-key DON;$0.006189;+0.00%;-2.88%;-10.68%;$591,331.98 $591,332;$1,362 220,053 DON;95,549,868 DON
163;1901;Voxel X Network VXL;$0.002058;+0.00%;+0.09%;-14.83%;$453,579.41 $453,579;--;220,380,548 VXL
164;1929;Equalizer EQZ;$0.007861;-0.75%;-0.75%;-4.29%;$393,040.78 $393,041;$7 944 EQZ;50,000,000 EQZ
165;1935;Coreto COR;$0.00168;+0.06%;+15.30%;-10.61%;$383,402.14 $383,402;$574 341,495 COR;228,283,474 COR
166;1938;X X;$0.0...03981;-1.11%;-15.28%;-7.88%;$373,373.03 $373,373;$8,066 20,098,682,678 X;937,865,891,691 X
167;1946;UBD Network UBDN;$4.77;+0.13%;+10.08%;-18.24%;$364,626.28 $364,626;$509,377 106,864 UBDN;76,496 UBDN
168;2031;8PAY 8PAY;$0.00394;+0.00%;+3.78%;-20.78%;$236,471.21 $236,471;$54 13,648 8PAY;60,010,875 8PAY
169;2106;Sator SAO;$0.003111;-0.04%;+3.68%;-11.69%;$170,859.46 $170,859;$516,355 165,960,162 SAO;54,913,292 SAO
170;2107;Plasma Finance PPAY;$0.001379;+0.00%;-3.23%;-10.36%;$169,775.78 $169,776;$28 20,254 PPAY;123,116,295 PPAY
171;2184;Ekta EKTA;$0.003144;-0.92%;+1.84%;-19.02%;$109,331.28 $109,331;$2,625 834,772 EKTA;34,769,778 EKTA
172;2230;Sable Finance SABLE;$0.01508;+1.06%;+2.11%;-16.13%;$78,066.54 $78,067;$6 401 SABLE;5,178,493 SABLE
173;2260;ZUM TOKEN ZUM;$0.000002246;+0.00%;-7.01%;-6.74%;$58,306.1 $58,306;$5 2,439,493 ZUM;25,955,712,869 ZUM
174;2266;TheForce Trade FOC;$0.0006463;+0.00%;+1.00%;-8.24%;$51,832.05 $51,832;$147 226,789 FOC;80,200,000 FOC
175;;Bitspawn SPWN;$0.00;;;;;;
176;;CorionX CORX;$0.00;;;;;;
177;;Tapx TAP;$0.00;;;;;;
178;;Gem Exchange and Trading GXT;$0.00;;;;;;
179;;SharedStake SGT;$0.06;;;;;;
180;;FBX by KXCO FBX;$0.00;;;;;;
181;;YVS.Finance YVS;$0.00;;;;;;
182;;Renzo Restaked ETH EZETH;$3097.20;;;;;;
183;;Frax Finance - Frax Ether FRXETH;$3063.31;;;;;;
184;;Frax Staked Ether SFRXETH;$3310.68;;;;;;
185;;pufETH PUFETH;$3050.65;;;;;;
186;;Restaked Swell Ethereum RSWETH;$3082.37;;;;;;
187;;ANDY ANDY;$0.00;;;;;;
188;;Zuzalu Inu ZUZALU;$0.00;;;;;;
189;;Seamless SEAM;$7.04;;;;;;
190;;Planet Mojo MOJO;$0.23;;;;;;
191;;Ice Network ICE;$0.00;;;;;;
192;;RunesBridge RB;$0.26;;;;;;
193;;GAM3S.GG G3;$0.21;;;;;;
194;;PepeCoin PEPECOIN;$5.09;;;;;;
195;;Port3 Network PORT3;$0.19;;;;;;
196;;OmniCat OMNI;$0.00;;;;;;
197;;Kelp DAO Restaked ETH RSETH;$3076.70;;;;;;
198;;Mantle Staked Ether METH;$3142.33;;;;;;
199;;Fluence FLT;$0.79;;;;;;
200;+#;Name;Price;1h %;24h %;7d %;Market Cap;Volume(24h);Circulating Supply
201;2590;Railgun RAIL;$1.37;+2.03%;+34.55%;+96.32%;$78.8M $78,801,796;$2,501,201 1,825,073 RAIL;57,500,000 RAIL
202;2603;RepubliK RPK;$0.0189;+1.53%;-6.52%;-29.66%;$3.78M $3,780,171;$2,336,462 123,616,739 RPK;200,000,000 RPK
203;2616;Destra Network DSYNC;$0.3294;+0.42%;+2.21%;+12.00%;$329.37M $329,365,503;$2,135,840 6,484,712 DSYNC;1,000,000,000 DSYNC
204;2629;Chainflip FLIP;$3.29;-0.73%;-5.48%;-31.58%;$56.77M $56,770,644;$1,958,698 595,467 FLIP;17,258,935 FLIP
205;2699;VPS AI VPS;$0.03992;-0.28%;-0.62%;-13.76%;$3.51M $3,512,938;$1,295,921 32,463,167 VPS;88,000,000 VPS
206;2774;Ÿ YAI;$0.198;-6.24%;-6.80%;-39.87%;$18.02M $18,022,260;$943,747 4,765,271 YAI;91,000,000 YAI
207;2784;Shadow Node SVPN;$0.0159;-0.10%;+25.19%;-24.13%;$15.9M $15,904,831;$918,069 57,722,633 SVPN;1,000,000,000 SVPN
208;2792;Animal Concerts ANML;$0.0002832;+0.11%;+0.67%;-21.48%;$63,717.79 $63,718;$886,432 3,130,163,948 ANML;225,000,000 ANML
209;2800;Gaga (Pepe) GAGA;$0.0...06083;+2.10%;+6.69%;-29.67%;$2.56M $2,558,876;$877,198 144,215,011,564,390 GAGA;420,690,000,000,000 GAGA
210;2835;Brainers BRAINERS;$0.5716;-5.53%;+19.14%;+48.09%;$664,172.6 $664,173;$750,920 1,313,769 BRAINERS;1,162,000 BRAINERS
211;2873;K9 Finance KNINE;$0.00005386;-1.32%;-2.41%;-30.64%;$4.43M $4,426,673;$667,857 12,399,481,638 KNINE;82,185,914,406 KNINE
212;2885;Bitcoiva BCA;$8.25;-0.03%;+1.35%;-23.18%;$132.34M $132,336,230;$639,730 77,567 BCA;16,045,770 BCA
213;2895;Koi Finance KOI;$0.06984;-7.66%;-2.15%;+41.91%;$34.92M $34,919,929;$603,058 8,634,875 KOI;500,000,000 KOI
214;2896;Stader ETHx ETHX;$3,140.50;+2.15%;+2.01%;-12.41%;$10.4M $10,395,328;$602,573 192 ETHX;3,310 ETHX
215;2915;Arbius AIUS;$156.43;-1.26%;+4.44%;-11.57%;$12.79M $12,790,592;$558,815 3,572 AIUS;81,768 AIUS
216;2917;Gorilla In A Coupe GIAC;$0.0...03761;+2.67%;-4.78%;-73.53%;$1.58M $1,582,231;$555,836 147,787,876,501,765 GIAC;420,690,000,000,000 GIAC
217;2941;Medifakt FAKT;$0.003528;-0.05%;-2.03%;-13.53%;--;$523,696 148,433,401 FAKT;0 FAKT
218;3005;Juice JUICE;$0.4741;+0.25%;+20.97%;+4.67%;$2.26M $2,262,176;$433,056 913,380 JUICE;4,771,275 JUICE
219;3007;StakeWise Staked ETH osETH;$3,113.85;+0.22%;+2.10%;-12.56%;$102.82M $102,821,427;$430,961 138 OSETH;33,021 osETH
220;3028;Brazilian Digital Token BRZ;$0.1888;-0.01%;-0.03%;-3.49%;$188.84M $188,841,228;$409,369 2,167,793 BRZ;1,000,000,000 BRZ
221;3043;zkLend ZEND;$0.8142;-0.19%;-3.84%;-31.39%;$5.29M $5,292,138;$387,668 476,149 ZEND;6,500,000 ZEND
222;3047;RankerDAO RANKER;$0.001791;-1.13%;+7.62%;-30.80%;$53,011.74 $53,012;$385,541 215,273,085 RANKER;29,600,000 RANKER
223;3073;Lends LENDS;$0.05524;+0.77%;-5.42%;-39.62%;$3.48M $3,479,916;$357,582 6,473,628 LENDS;63,000,000 LENDS
224;3120;ECOMI OMI;$0.0006136;-0.33%;+2.55%;-8.49%;$162.21M $162,214,871;$322,831 526,159,189 OMI;264,382,112,394 OMI
225;3132;Faith Tribe FTRB;$0.005546;-0.76%;+2.11%;+1.29%;$7.19M $7,188,737;$314,984 56,799,477 FTRB;1,296,309,703 FTRB
226;3145;Ryoshi Research RYOSHI;$0.1836;+0.11%;+3.75%;-14.82%;$568,647.67 $568,648;$306,311 1,664,941 RYOSHI;3,090,862 RYOSHI
227;3227;TypeAI TYPE;$1.35;-13.98%;+5.66%;-40.59%;$13.46M $13,464,373;$259,251 192,546 TYPE;10,000,000 TYPE
228;3236;GPTPlus GPTPLUS;$0.0008203;-0.72%;-3.33%;-23.03%;$492,203.79 $492,204;$255,497 311,452,323 GPTPLUS;600,000,000 GPTPLUS
229;3246;Spot SPOT;$1.16;+0.00%;-1.29%;-2.13%;$279,628.77 $279,629;$246,933 213,065 SPOT;241,277 SPOT
230;3253;Panther Protocol ZKP;$0.02364;-0.03%;+0.57%;-17.81%;--;$242,818 10,272,242 ZKP;--
231;3256;Melos Studio MELOS;$0.001397;+0.80%;+3.98%;-17.74%;$628,096.41 $628,096;$241,545 172,895,591 MELOS;449,584,468 MELOS
232;3308;THORSwap THOR;$0.2151;+0.53%;+0.50%;-27.52%;$37.5M $37,500,257;$215,969 1,005,117 THOR;174,525,852 THOR
233;3311;NOBLEBLOCKS NOBL;$0.06564;+1.76%;+29.40%;+52.63%;$7.88M $7,876,385;$214,723 3,271,390 NOBL;120,000,000 NOBL
234;3325;El Hippo HIPP;$0.0...04123;-0.12%;+4.38%;-21.51%;$2.95M $2,950,201;$209,980 50,933,850,661,652 HIPP;715,617,000,000,000 HIPP
235;3362;EQIFI EQX;$0.007886;-0.11%;-2.63%;-7.30%;$595,531.98 $595,532;$192,255 24,380,061 EQX;75,520,012 EQX
236;3363;KAP Games KAP;$0.1083;+0.05%;-1.22%;-17.60%;$13.77M $13,771,064;$191,479 1,767,645 KAP;127,128,262 KAP
237;3394;MetaZero MZERO;$0.1343;-0.56%;-3.76%;-34.03%;$13.43M $13,432,255;$183,022 1,362,558 MZERO;100,000,000 MZERO
238;3415;FractonX FT;$1.55;+0.38%;+6.69%;-28.95%;$9.29M $9,288,974;$177,425 114,604 FT;6,000,000 FT
239;3418;Conic Finance CNC;$0.8042;+0.08%;+48.94%;-9.00%;$3.06M $3,058,789;$176,361 219,302 CNC;3,803,552 CNC
240;3452;Storm Warfare JAN;$0.02937;+0.04%;-1.31%;-21.89%;$917,880.08 $917,880;$162,677 5,538,460 JAN;31,250,000 JAN
241;3473;Teq Network TEQ;$0.03668;-9.62%;-26.88%;-80.14%;$366,730.88 $366,731;$156,549 4,268,766 TEQ;10,000,000 TEQ
242;3485;XOX Labs XOX;$0.04694;+0.23%;+1.74%;-11.46%;$860,103.78 $860,104;$153,657 3,273,570 XOX;18,324,000 XOX
243;3496;X Project XERS;$0.001039;+0.17%;+10.61%;-12.33%;$1.03M $1,028,412;$150,005 144,402,016 XERS;990,000,000 XERS
244;3506;socrates SOC;$0.4759;+0.34%;-0.01%;+5.02%;$26,649.7 $26,650;$147,232 309,384 SOC;56,000 SOC
245;3538;Betswap.gg BSGG;$0.00119;+0.09%;+0.47%;+6.44%;$3.16M $3,164,885;$138,277 116,241,269 BSGG;2,660,538,124 BSGG
246;3548;DeGate DG;$0.1084;+0.36%;+20.06%;-3.29%;$23.53M $23,530,709;$137,166 1,265,182 DG;217,041,086 DG
247;3551;bitsCrunch BCUT;$0.1744;-0.20%;-0.21%;-22.78%;$18.82M $18,816,869;$136,570 782,987 BCUT;107,881,105 BCUT
248;3552;Landwolf WOLF;$0.02028;+3.56%;+35.53%;-16.32%;$8.53M $8,531,670;$136,321 6,721,869 WOLF;420,690,000 WOLF
249;3557;ULTRA Prisma Finance ULTRA;$0.9999;+0.00%;-2.87%;+0.39%;$3,020.81 $3,021;$134,598 134,607 ULTRA;3,021 ULTRA
250;3565;zkHive ZKHIVE;$0.1505;+1.01%;+13.13%;-47.62%;$15.05M $15,047,735;$131,955 876,908 ZKHIVE;100,000,000 ZKHIVE
251;3620;Gradient GDT;$0.2613;+0.13%;+0.12%;-49.13%;$3.66M $3,657,112;$121,890 466,615 GDT;14,000,000 GDT
252;3623;JC Coin JCC;$0.001057;+7.90%;-2.03%;-45.71%;$84,567.57 $84,568;$120,307 113,809,267 JCC;80,000,000 JCC
253;3648;Aardvark VARK;$0.00007813;-96.84%;-97.04%;-94.99%;$76,236.73 $76,237;$117,793 1,507,618,919 VARK;975,742,652 VARK
254;3675;QuantixAI QAI;$2.20;+0.11%;-1.14%;-0.72%;$2.35M $2,349,261;$113,895 51,769 QAI;1,067,810 QAI
255;3694;Trace Network Labs TRACE;$0.004462;+0.07%;-7.05%;-36.51%;$383,933.06 $383,933;$109,854 24,617,074 TRACE;86,035,489 TRACE
256;3733;Super Best Friends SUBF;$0.0...01338;-0.75%;+0.35%;-28.34%;$1.51M $1,509,414;$102,142 7,658,719,040,353 SUBF;113,177,966,222,213 SUBF
257;3742;TPRO Network TPRO;$0.02039;-0.01%;+6.71%;-5.34%;$23.29M $23,289,852;$100,667 4,937,310 TPRO;1,142,270,211 TPRO
258;3761;FuturesAI FAI;$0.00141;-0.96%;-6.28%;-44.32%;$1.41M $1,410,281;$96,933 68,733,017 FAI;1,000,000,000 FAI
259;3766;TRESTLE TRESTLE;$0.01292;+0.30%;-0.95%;+13.50%;--;$91,831 7,106,590 TRESTLE;--
260;3811;Defender Bot DFNDR;$0.1356;+0.17%;+30.83%;-9.47%;$13.43M $13,433,007;$88,017 649,007 DFNDR;99,050,000 DFNDR
261;3836;Whirl WHIRL;$0.9105;+1.72%;-10.78%;-27.15%;$8.92M $8,922,706;$85,052 93,414 WHIRL;9,800,000 WHIRL
262;3853;Morra MORRA;$0.01485;-4.95%;-1.68%;-24.86%;$5.62M $5,620,294;$81,591 5,497,664 MORRA;378,697,704 MORRA
263;3854;Invest Club Global ICG;$0.000004295;+0.19%;+19.80%;+0.65%;$3.79M $3,788,339;$81,290 18,925,939,402 ICG;882,000,000,000 ICG
264;3858;Harambe Coin HARAMBE;$0.00001129;+0.00%;-5.14%;-31.65%;$11.29M $11,294,609;$80,757 7,150,013,656 HARAMBE;1,000,000,000,000 HARAMBE
265;3874;Creso CRE;$0.0004355;+0.31%;+2.30%;-23.55%;$27.66M $27,657,271;$78,556 180,361,970 CRE;63,500,000,000 CRE
266;3890;BoxBet BXBT;$0.237;-0.46%;+5.68%;+21.88%;$23.7M $23,702,894;$75,949 320,419 BXBT;100,000,000 BXBT
267;3941;Fottie FOTTIE;$0.00000561;+0.00%;+15.23%;+3.73%;$2.36M $2,360,247;$70,107 12,495,897,232 FOTTIE;420,690,000,000 FOTTIE
268;3946;WELD WELD;$0.005519;+0.64%;+6.09%;-10.47%;$429,706.77 $429,707;$69,489 12,604,539 WELD;77,943,972 WELD
269;3951;Dongo AI DONGO;$0.02143;+0.37%;-6.28%;-50.60%;$21.41M $21,413,067;$69,000 3,222,317 DONGO;1,000,000,000 DONGO
270;3957;R4RE Token R4RE;$0.04285;+0.00%;+6.96%;-26.36%;$3.21M $3,213,717;$68,576 1,600,385 R4RE;75,000,000 R4RE
271;3969;Cavada CAVADA;$0.0002391;-5.91%;-15.51%;-41.26%;$22,328.8 $22,329;$65,417 263,672,253 CAVADA;90,000,000 CAVADA
272;3985;Dynamite DYNMT;$0.003825;+4.56%;+40.80%;-13.34%;--;$64,129 16,767,102 DYNMT;0 DYNMT
273;4021;Greelance GRL;$0.003432;+0.60%;-10.05%;-34.29%;$466,224.65 $466,225;$61,361 17,897,223 GRL;135,983,333 GRL
274;4046;Domani Protocol DEXTF;$0.194;-0.11%;-6.45%;-17.21%;$16.86M $16,864,863;$58,940 303,944 DEXTF;86,969,774 DEXTF
275;4097;HMX HMX;$6.35;+0.60%;+2.71%;-16.32%;$9.88M $9,876,466;$53,968 8,543 HMX;1,563,331 HMX
276;4137;AQTIS AQTIS;$0.008631;+0.00%;+10.44%;-19.21%;$16.83M $16,829,797;$49,192 5,699,731 AQTIS;1,950,000,000 AQTIS
277;4175;Space Misfits SMCW;$0.005488;-0.53%;+2.03%;-0.87%;$265,578.68 $265,579;$45,346 8,263,146 SMCW;48,394,393 SMCW
278;4199;Thales THALES;$0.2849;+0.61%;+2.67%;-11.27%;$15.29M $15,293,506;$43,383 152,294 THALES;53,687,374 THALES
279;4210;SmartMoney SMRT;$0.002635;+1.13%;+4.52%;-45.99%;$2.64M $2,635,296;$42,134 15,988,237 SMRT;1,000,000,000 SMRT
280;4212;OrdBridge BRGE;$0.01288;-0.25%;+1.73%;-26.75%;$1.29M $1,287,728;$42,046 3,265,139 BRGE;100,000,000 BRGE
281;4215;L $L;$0.0...08776;-0.24%;+1.66%;-17.06%;$624,884.33 $624,884;$41,905 47,745,363,590 $L;711,983,561,375 $L
282;4245;BuildAI BUILD;$0.247;-0.55%;-11.84%;-46.42%;--;$39,577 160,246 BUILD;0 BUILD
283;4248;MultiDEX AI MDX;$0.8456;+0.00%;-1.75%;+4.14%;--;$39,365 46,550 MDX;0 MDX
284;4282;iDypius IDYP;$0.002067;-1.35%;-13.53%;+29.66%;$352,735.71 $352,736;$36,709 17,760,884 IDYP;170,664,653 IDYP
285;4297;Gametree GTCOIN;$0.000333;-0.03%;-19.46%;-24.47%;$1.07M $1,067,376;$35,668 107,128,708 GTCOIN;3,205,896,668 GTCOIN
286;4300;Doggensnout Skeptic DOGS;$0.0...03581;-0.57%;+1.09%;+16.80%;$1.51M $1,506,449;$35,448 9,899,305,678,162 DOGS;420,690,000,000,000 DOGS
287;4302;AlphaKEK.AI AIKEK;$0.0112;+0.32%;+6.06%;-23.20%;$2.74M $2,743,056;$35,230 3,145,938 AIKEK;244,945,234 AIKEK
288;4305;0xScans SCANS;$0.08386;+0.26%;+1.62%;-44.34%;$6.25M $6,247,457;$35,082 418,336 SCANS;74,497,478 SCANS
289;4326;Allbridge ABR;$0.2632;+0.11%;-5.30%;-29.60%;$2.27M $2,274,895;$34,171 129,827 ABR;8,643,190 ABR
290;4353;VaultCraft VCX;$0.09772;+0.00%;+25.68%;+7.00%;$74.09M $74,087,379;$32,548 333,074 VCX;758,149,514 VCX
291;4369;HYPERCOMIC HYCO;$0.0283;-0.67%;+6.41%;-2.45%;$6.26M $6,262,006;$31,240 1,103,778 HYCO;221,250,000 HYCO
292;4375;Gas DAO GAS;$0.0...07169;-2.63%;-15.71%;-29.25%;$143,036.25 $143,036;$31,346 43,722,168,850 GAS;199,507,476,600 GAS
293;4381;Meta Masters Guild Games MEMAGX;$0.004179;+0.07%;+3.77%;-14.90%;$1.87M $1,873,602;$30,750 7,358,894 MEMAGX;448,382,330 MEMAGX
294;4387;JPEG'd JPEG;$0.0003463;-0.03%;-3.82%;-17.59%;$24.04M $24,040,567;$30,242 87,327,694 JPEG;69,420,000,000 JPEG
295;4408;INOVAI INOVAI;$0.03761;-9.31%;-13.88%;-47.95%;$376,081.91 $376,082;$30,045 798,900 INOVAI;10,000,000 INOVAI
296;4443;Meme Kombat MK;$0.08189;+0.44%;-3.18%;-0.67%;$9.83M $9,826,831;$27,633 337,440 MK;120,000,000 MK
297;4461;Hoppy HOPPY;$0.0...01442;-6.13%;+11.54%;+32.72%;$601,839.17 $601,839;$26,604 18,596,719,978,566 HOPPY;420,690,000,000,000 HOPPY
298;4480;Lets Go Brandon LETSGO;$0.0...01573;-0.01%;-1.61%;+108.02%;--;$25,992 1,652,261,312,075 LETSGO;--
299;4500;Meow Meow Coin MEOW;$0.000001416;-1.70%;+11.26%;-10.83%;$595,524.13 $595,524;$25,375 17,925,245,479 MEOW;420,690,000,000 MEOW
300;4515;Dope Wars Paper PAPER;$0.005661;+0.00%;-9.65%;-28.03%;$5.11M $5,105,298;$24,975 4,411,436 PAPER;901,785,710 PAPER
